,0,1,2,3,4,5,6
0,5,5,10,11,8,6,3
1,-2,2,2,1,2,2,-2
2,-16,-16,0,-16,-16,-16,-16
3,-4,-2,-4,1,-4,-2,-4
4,-4,-3,-4,-16,-14,-2,-4
5,-4,-3,0,-2,-2,-3,-3
6,-16,-16,0,-16,-16,-16,-16
7,0,3,0,9,0,3,0
8,-16,-99,-16,-16,-16,4,-16
9,-13,-5,-12,-14,-11,-12,-11
10,-4,-2,-2,0,0,-4,-4
11,-15,-15,-12,-15,-4,-12,-15
12,-3,-3,3,-1,-3,3,-3
13,-3,-3,-3,-10,2,-3,-3
14,-16,-16,-16,-16,4,-16,-16
15,-16,-3,-16,-16,-16,-16,-16
16,1,1,3,4,4,-99,-3
17,-4,-11,-12,-12,-12,-4,-12
18,-11,-4,-6,-6,-6,-10,-11
19,-3,-2,2,3,-3,-3,3
20,6,5,3,5,4,7,4
21,-13,-13,-13,2,1,-13,1
22,-15,-15,-15,-15,-15,-4,-15
23,-3,-2,2,2,-4,-4,-3
24,2,-5,-9,-12,-5,-2,-7
25,-4,-4,-1,-6,-4,-3,-4
26,-15,-15,-15,-15,-15,-3,-15
27,-15,-15,-15,-15,-15,-15,0
28,0,-4,-15,2,0,2,0
29,-15,-15,14,-15,-15,-15,-15
30,-5,-5,-4,-2,-10,-5,-6
31,3,-2,-2,-3,3,3,-2
32,-3,-10,-8,-3,-12,-3,-7
33,-15,2,-15,-15,-15,-15,-15
34,-3,-4,-5,2,-14,-5,-5
35,-14,-7,-7,0,0,-7,-7
36,-2,2,6,5,4,4,-2
37,2,-14,5,2,6,2,2
38,3,-99,-14,-11,3,-14,-14
39,-12,-10,-6,-11,-13,-11,-10
40,-99,-2,3,3,0,0,0
41,-2,2,-2,2,2,-2,-2
42,-4,-3,-3,-6,-2,-2,-2
43,-3,-4,-9,-8,-3,-10,-8
44,-14,-5,-14,-14,-3,-12,-14
45,-5,0,-4,4,-7,-4,-4
46,-3,2,1,0,-3,-4,-5
47,-10,-10,-6,-4,-11,-12,-10
48,2,-15,-15,-15,-15,-15,-15
49,-5,-6,-5,-4,-6,-6,-6
50,-15,-15,-15,-15,-15,2,-15
51,-99,0,6,6,5,4,2
52,7,5,11,10,11,10,5
53,-4,-6,-5,-5,-15,-7,-5
54,14,6,14,6,5,6,6
55,3,9,4,5,4,5,5
56,2,-2,4,4,-2,3,-2
57,-3,-3,-4,-3,-10,-3,-3
58,-14,1,2,-10,-10,-11,-11
59,-15,-15,-15,-10,-15,-15,-15
60,2,3,12,0,2,2,1
61,-1,5,6,11,6,3,5
62,-2,-2,4,7,-2,0,3
63,-12,-3,-14,-14,-12,-3,-14
64,4,4,3,7,6,4,4
65,-2,-2,2,2,-1,0,-2
66,-15,-15,-15,-15,-15,2,-15
67,0,2,0,3,0,-99,0
68,3,-14,-15,-14,13,-14,-14
69,-10,-12,-11,-13,-12,-9,-6
70,-2,-3,-2,0,-5,-1,-2
71,-8,-5,-3,-8,-10,-5,-5
72,-5,0,-2,-2,4,4,-2
73,-15,-15,-1,-15,-15,-15,-15
74,7,5,4,5,4,5,-99
75,-13,-14,-14,-14,-14,-15,-14
76,-15,-15,-15,-2,-15,-15,-15
77,-10,-8,-11,13,-12,-11,-10
78,-14,-10,-14,-11,-14,-14,-10
79,-4,-4,-11,-2,-3,-15,-5
80,-14,2,-14,2,2,-4,-14
81,3,2,2,5,4,-7,4
82,-2,-15,2,-2,0,-2,-2
83,-10,-9,-99,4,-9,-9,-5
84,-3,-5,4,3,-3,-15,-3
85,-5,-7,-5,-99,-5,-5,-5
86,2,2,3,3,2,4,2
87,-10,-8,-10,-2,-8,-11,-10
88,-4,-4,-4,-4,-4,-4,-4
89,-4,-4,12,2,12,5,3
90,-11,-11,-15,-11,-14,-5,-11
91,0,-1,-1,0,-1,-2,-1
92,-6,-6,-4,-6,-3,-6,-5
93,-11,-11,-11,-5,-5,-5,-12
94,-14,-12,8,-14,-14,-12,-14
95,2,8,10,11,2,11,2
96,-3,-3,1,-99,-4,-5,-4
97,-99,-15,2,-15,-15,-15,-15
98,-2,-2,1,-2,5,5,0
99,-15,-15,-15,-8,-15,-15,-15
100,-15,-15,-4,-15,-15,-15,-15
101,-5,-5,-5,-5,11,11,-5
102,-15,-13,-6,-5,-13,-13,-13
103,-15,-15,-15,-15,-2,-15,-15
104,2,-4,-4,1,-2,-4,-2
105,-4,-2,-4,-14,-2,-4,-4
106,4,4,4,0,3,2,4
107,-3,-4,-2,-2,-3,-4,-4
108,-9,-14,1,1,-9,-4,-12
109,-2,-2,0,2,-2,5,-2
110,13,2,9,8,2,2,2
111,-5,-4,-4,-15,-11,-4,-5
112,-99,-15,2,-15,-15,-15,-15
113,-15,-15,-15,-5,-15,-15,-15
114,-15,-15,-99,-15,-15,-15,-14
115,-4,-2,-5,-99,-2,-3,7
116,-15,-15,-15,-15,-15,-15,-2
117,-15,-13,-15,-15,-15,-15,-15
118,3,3,3,12,2,0,0
119,-2,-15,-15,-15,-15,-15,-15
120,-12,-13,-5,0,-4,-14,-5
121,-15,-15,-15,-3,-15,-15,-15
122,-15,-15,-15,12,-15,-15,-15
123,-14,1,-14,-14,-2,-14,-14
124,-4,-4,-2,-4,-4,-3,-2
125,-15,-15,-15,13,-15,-15,-15
126,-14,-12,-14,-5,-2,-14,-14
127,-2,-1,3,4,-1,-2,3
128,-3,-99,-5,-3,-5,-3,-3
129,-4,-4,-12,-1,-2,-2,-6
130,-14,-14,-14,-14,-2,-14,-14
131,-2,-2,-2,-3,-2,1,0
132,-4,-99,-7,-99,-10,-7,-5
133,1,4,5,5,4,3,1
134,-14,-14,-14,-14,-2,-14,-14
135,-14,-6,-6,-4,-14,-6,-6
136,0,0,0,4,0,-2,4
137,-3,-2,4,-2,-3,12,11
138,3,3,-2,5,3,4,5
139,-10,-5,-4,-3,-13,-10,-10
140,-8,-8,-2,-11,-8,9,-2
141,3,3,3,3,0,4,-99
142,3,4,4,7,4,3,-1
143,-99,5,-2,5,5,5,5
144,1,1,2,-1,2,2,2
145,3,2,2,3,3,2,3
146,2,3,2,2,5,-9,3
147,5,0,4,10,2,-2,5
148,0,1,3,3,-2,1,2
149,1,-99,4,1,3,3,0
150,3,1,1,-4,-3,-4,3
151,5,5,-2,-14,-2,5,-2
152,-7,-12,-7,-12,-3,-5,-5
153,-5,-5,-5,-14,-5,-3,-3
154,2,0,0,0,-4,0,2
155,-3,-1,0,0,-12,-4,0
156,-12,-14,-12,0,-6,-14,-12
157,0,2,3,2,3,1,2
158,0,0,2,3,2,0,0
159,-4,2,2,4,-14,-4,-4
160,-12,-5,-11,-12,-12,-12,-12
161,4,4,6,6,5,-14,4
162,-2,-2,-3,-3,-2,-2,-3
163,-1,0,2,2,2,0,-1
164,0,-2,1,2,2,0,0
165,4,9,3,5,4,3,-9
166,-4,-4,-4,-2,2,-4,-4
167,-7,-5,0,2,-5,-6,-9
168,-11,-11,-11,-2,-11,4,-11
169,-99,4,2,4,3,4,3
170,-14,-14,1,-14,-14,-14,-14
171,-14,-14,-14,-14,-14,0,-14
172,2,0,3,3,3,3,3
173,-6,-4,-14,-8,2,-4,-11
174,-1,-2,-1,-1,3,3,-1
175,0,2,2,3,3,-1,2
176,5,-14,-14,-14,-14,-14,-14
177,-1,-1,-1,9,-4,-99,-1
178,2,2,5,3,13,2,3
179,-3,-5,-3,-4,-5,-3,-3
180,2,13,4,13,0,3,3
181,-14,4,-14,-14,-14,-14,-14
182,2,13,0,4,2,3,0
183,-99,5,14,13,14,5,5
184,-99,2,-13,4,3,-6,3
185,-11,-12,-12,-12,-13,-12,-12
186,-14,4,-14,-14,-14,-14,-14
187,3,3,3,3,2,3,3
188,-2,-1,9,13,7,2,0
189,3,2,2,6,2,5,-4
190,-14,-14,-14,-14,-14,-14,6
191,1,-13,-11,-3,-4,-4,-4
192,7,-2,-2,5,3,5,-2
193,-4,-6,-3,-3,-1,-2,-4
194,-14,-14,-14,-14,-2,-14,-14
195,4,4,12,4,12,4,4
196,2,-2,-2,-3,2,-1,-3
197,-14,-14,13,-14,-14,-14,-14
198,9,6,10,-99,10,6,5
199,1,-99,3,-2,3,3,3
200,10,11,4,0,11,4,0
201,3,0,-1,3,0,-3,-3
202,-7,-7,-2,-4,-13,-3,-9
203,2,3,3,1,9,3,-3
204,2,0,2,0,2,2,2
205,3,4,4,3,2,4,1
206,-99,0,3,0,3,3,3
207,-13,-13,-2,-13,2,-13,-2
208,-6,-6,-6,-9,-6,-6,-6
209,-14,-14,-14,-14,-14,-1,-14
210,-11,-14,-11,5,-11,-11,-5
211,-14,-14,-5,-14,-14,-14,-14
212,2,4,6,6,4,2,2
213,-10,-11,-2,-3,-10,-11,-11
214,4,4,-6,6,-7,5,4
215,-14,-14,-14,-2,-14,-14,-14
216,-3,2,2,4,2,-5,-3
217,-4,-1,-11,4,-12,-1,-11
218,-9,-9,-5,-99,-5,-8,-9
219,-14,-14,-14,-14,-12,-14,-14
220,-3,-2,3,-3,6,-2,-3
221,0,-4,1,2,1,-13,0
222,-11,-13,-5,-99,-12,-11,-10
223,-4,-4,-4,-6,3,3,3
224,-9,-4,-10,-3,-2,-4,-9
225,0,11,-2,12,12,11,-2
226,-4,0,-3,-8,-5,-5,-5
227,-5,2,3,-4,-4,-4,-5
228,-14,-14,-14,-14,3,-14,-14
229,-14,-14,-14,-99,-14,-12,-14
230,-14,-14,-6,-14,-14,-14,-14
231,-11,-12,-13,1,0,-11,-11
232,-10,-4,3,-99,-11,-9,-9
233,-14,-11,-14,-14,-14,-14,-14
234,4,3,4,4,4,4,2
235,-5,1,1,2,13,13,1
236,-2,4,0,-14,-2,-1,-2
237,-9,-13,-12,-12,-12,-12,-12
238,-3,-3,-99,2,10,9,-3
239,6,6,6,6,8,5,5
240,-5,-4,5,-4,-1,-1,-1
241,-1,4,0,5,2,-2,2
242,2,2,-11,-14,3,2,2
243,-14,-14,-14,-3,-14,-14,-14
244,-9,-9,-9,-3,-12,-10,-9
245,0,-2,-1,0,3,-2,-2
246,-12,-12,-12,-6,-14,-12,-6
247,-1,-3,0,0,-3,-1,0
248,-13,-10,-3,-13,-14,-13,-13
249,4,3,4,5,14,3,-3
250,2,3,3,2,2,3,1
251,-99,-3,5,-3,-2,-3,-4
252,-2,-2,-4,0,-4,-4,-4
253,-14,-1,-14,-14,-14,-14,-14
254,-12,-12,-99,6,-8,-12,-12
255,1,4,13,4,0,4,0
256,2,0,5,3,-4,3,-3
257,0,3,0,0,0,2,0
258,4,3,-14,4,5,3,3
259,0,0,-14,2,3,0,0
260,-14,2,-14,-14,-14,-14,-14
261,1,0,9,9,6,4,-1
262,-11,-2,2,2,-99,-2,2
263,-14,-14,-14,-14,-4,-14,-14
264,-14,-14,-14,-14,-14,-8,-14
265,-10,-3,-99,-12,-2,3,-11
266,-4,-4,-11,0,-14,-2,-2
267,5,5,5,6,6,-2,-2
268,-12,-99,-13,-5,-4,-4,-5
269,-14,-14,-14,-14,-14,-14,6
270,13,-99,13,6,5,6,5
271,-4,3,-3,-1,-2,-3,-4
272,-13,-2,5,-13,-13,-13,-13
273,-6,-99,-3,-3,-3,-2,-4
274,-12,-12,-11,-4,-12,-13,-12
275,0,-2,-2,-2,-2,-2,0
276,-14,-14,4,-99,-14,-14,-14
277,-3,-2,-3,-2,0,-2,-2
278,-4,-5,-4,-4,-4,-14,-4
279,-14,-14,-14,-14,-14,-5,-14
280,-4,-14,-7,0,-4,-4,-4
281,-14,-13,-13,2,-14,-13,-13
282,5,6,5,6,3,5,6
283,3,11,10,11,10,11,1
284,-10,-2,-10,-12,-2,-4,-10
285,-14,-14,-14,-14,-14,-3,-14
286,-3,4,4,4,4,6,2
287,-1,1,-1,0,-1,1,-3
288,-1,-1,9,-99,-2,9,10
289,-2,-14,-14,-14,-14,-14,-14
290,-10,-13,-2,-10,-12,-2,-2
291,-2,0,2,2,2,-1,2
292,2,6,2,-99,3,-6,5
293,-2,-2,-2,-2,-2,-2,0
294,-13,-11,-11,-11,-13,-11,-11
295,-6,-14,-7,-99,-5,-6,-10
296,-14,4,-14,-14,-14,-14,-14
297,2,3,1,-1,11,-3,-3
298,-4,-4,8,9,-9,-8,8
299,1,-14,-99,3,2,5,3
300,4,-14,-14,-14,-14,-14,-14
301,11,3,3,11,-13,-2,10
302,-14,-14,-14,-5,-14,-14,-14
303,7,-99,7,7,8,6,6
304,4,-6,-9,-6,-6,-5,-4
305,-5,-5,1,-99,-5,-5,-5
306,8,-14,9,-99,8,9,8
307,2,2,2,4,2,2,2
308,-3,-4,-4,-3,-14,-4,-4
309,-14,-14,-14,-14,-14,-14,-2
310,-2,-1,3,-2,-2,-2,-3
311,-2,-2,1,2,2,3,0
312,3,-2,-3,0,-2,3,-3
313,-14,-14,-14,-14,-14,2,-14
314,-5,0,-5,0,-4,-1,-5
315,-14,-14,-99,-14,-3,-14,-14
316,2,-5,-6,-6,3,3,-6
317,-3,-2,1,-2,2,1,-2
318,-5,-7,-5,-5,-4,-4,-5
319,0,3,0,4,0,-3,-3
320,5,5,4,3,3,4,3
321,-3,-3,4,-3,-3,-3,-3
322,-5,-5,-99,-3,-14,-5,-3
323,3,3,-99,1,4,-2,2
324,-12,-2,-99,-13,-12,-12,-12
325,-4,-2,0,-5,2,0,-2
326,-14,-14,-14,-14,-14,-14,2
327,1,3,2,1,3,3,0
328,3,3,2,3,2,3,2
329,-14,-14,-6,-14,-14,-14,-14
330,-14,-14,-14,-8,-14,-14,-14
331,-14,4,4,2,-4,5,4
332,-14,-14,-3,-14,-14,-14,-14
333,-5,-4,-4,-5,-5,-5,-5
334,-4,-4,-99,-4,-5,-4,-4
335,3,2,3,3,-1,3,3
336,-13,4,4,4,4,2,2
337,3,0,-13,-13,-13,-13,-13
338,1,1,1,1,1,1,1
339,-5,2,-6,-99,-14,-6,-6
340,-4,-4,-4,-99,-4,-4,-4
341,-14,11,-14,-99,-14,-14,-14
342,-5,-6,-8,-5,-5,-6,-6
343,-14,-14,-14,-11,-14,-14,-14
344,2,-4,-4,-4,3,-1,-4
345,-5,-14,-5,-5,-5,-14,-5
346,-2,-2,9,-2,9,-2,-2
347,-6,-7,-3,-7,-7,-4,-6
348,2,1,7,1,2,1,1
349,-99,-3,-3,-3,-6,-14,-10
350,5,5,4,5,5,5,5
351,2,7,4,4,4,2,2
352,3,4,4,4,4,3,3
353,1,2,3,3,2,1,1
354,-2,0,2,0,2,1,0
355,-6,-7,-5,2,-6,2,-5
356,6,12,6,10,6,6,3
357,-3,-3,-99,-14,-3,-3,-3
358,4,4,-10,-3,-3,-3,-3
359,-99,-2,-13,2,-13,-13,-13
360,2,-1,3,3,3,2,2
361,-4,-4,-3,3,-2,0,-4
362,-99,11,-3,-4,-2,-1,-3
363,-3,4,4,4,5,4,5
364,-2,-10,-2,-11,-6,-10,-10
365,-1,-14,-14,-14,-14,-14,-14
366,7,7,4,4,8,9,6
367,-3,-13,-14,-13,-13,-13,-13
368,-14,-14,-14,-8,-14,-14,-99
369,-3,-3,-3,-99,-3,-4,-3
370,-4,-3,-4,-12,-4,-3,-2
371,-14,-14,-14,2,-14,-14,-14
372,-4,-14,-14,-14,-14,-14,-14
373,-14,4,-14,-14,-14,-14,-14
374,-2,3,4,8,4,8,-2
375,3,4,4,-99,5,4,6
376,0,1,0,0,2,0,0
377,-9,-99,-4,-5,-9,-6,-6
378,0,4,4,0,4,4,3
379,-99,0,0,0,0,0,-2
380,-5,-8,-4,-5,-4,-6,-5
381,2,2,11,3,12,12,12
382,2,9,9,11,3,2,2
383,-14,-14,-14,-14,-14,0,-14
384,3,2,3,-4,4,3,3
385,4,4,7,4,9,4,3
386,6,6,10,11,7,7,9
387,-1,-1,0,0,0,0,0
388,2,0,2,2,2,2,2
389,-4,-4,-7,-5,-5,-5,-5
390,-2,-5,-13,-3,-99,-5,-5
391,-14,3,-14,-14,-14,-14,-14
392,-12,2,2,-99,-12,-6,-11
393,-14,-14,-14,-14,-14,-14,-11
394,-14,-99,-14,-3,-14,-14,-14
395,-14,-14,-14,3,-14,-14,-14
396,-13,-6,-13,-3,-13,-11,-13
397,-14,-14,-14,-10,-14,-14,-14
398,4,4,8,8,4,4,9
399,-7,-4,-4,-14,-3,-7,-8
400,-10,-10,-10,-3,-4,-5,-4
401,-14,-14,-14,-10,-14,-14,-14
402,-6,-6,-5,-6,-8,-5,-5
403,3,4,4,-99,4,4,-5
404,-14,-3,-4,-3,-3,12,-4
405,-13,-4,-4,-14,-4,-4,-4
406,-14,-14,-14,-14,-5,-14,-14
407,4,3,6,4,3,3,5
408,-3,-3,-3,-14,-3,-3,-3
409,-6,-6,-13,-12,-11,-12,-14
410,-13,-13,-8,-13,-5,-4,-10
411,4,4,9,9,13,3,13
412,-11,-11,-11,-3,-14,-11,-3
413,1,-99,4,-99,1,2,4
414,0,0,2,3,10,0,2
415,2,-3,2,12,2,12,11
416,-9,-7,-4,-10,-11,-9,-10
417,-3,-3,-14,2,3,0,-3
418,-7,-5,-7,-3,-7,-11,-7
419,-3,-3,-2,-3,-5,-2,-3
420,-3,-3,-4,-3,-2,-2,-4
421,-5,-7,-5,-5,-2,-5,-5
422,-14,-14,-14,-2,-14,-14,-14
423,7,4,-99,7,4,5,3
424,0,3,0,-2,-2,6,-2
425,-7,3,5,3,3,3,-11
426,-14,-14,-14,-7,-14,-14,-14
427,-14,-14,-14,-14,-14,-1,-14
428,-3,-3,-3,5,3,-3,-3
429,-3,-3,12,12,-3,-2,-2
430,2,-14,10,10,10,8,4
431,-14,-5,-13,-5,-3,-4,-7
432,-2,-99,-2,-99,-2,-2,0
433,-4,-4,-4,0,-4,-5,-5
434,-14,-3,-14,-14,-14,-14,-14
435,-8,-7,-5,-8,-4,-3,2
436,3,-2,4,4,4,-2,-2
437,12,12,-1,-99,-2,5,-2
438,-4,-3,1,-3,-13,-3,-3
439,-10,-11,-4,-2,-11,-9,-10
440,-2,-2,0,-9,0,-2,-3
441,0,5,4,0,5,0,0
442,2,2,2,10,10,9,2
443,-2,-2,-99,-2,10,-2,0
444,-2,-2,-1,0,-2,2,2
445,4,0,4,0,2,4,5
446,-5,-13,-14,-13,-9,-2,-13
447,4,8,12,8,12,-13,5
448,1,2,10,3,9,10,1
449,-9,-7,-5,-2,-99,-5,-7
450,-2,0,-13,-13,-2,9,-13
451,-4,-4,-4,0,-11,-2,-4
452,-2,-2,-2,-2,-2,12,-2
453,-10,-2,-2,-13,-2,-2,-11
454,-14,-14,-14,4,-14,-14,-14
455,-14,-14,-3,-14,-14,-99,-14
456,-4,-3,-3,-2,-5,-5,-6
457,-11,-2,-99,0,-11,0,-11
458,-3,-3,-2,-3,-3,-8,-2
459,-12,-13,11,-12,11,11,11
460,0,0,0,2,5,0,0
461,-13,-6,-6,-6,-13,-5,-6
462,2,-1,1,2,-2,2,-2
463,0,-99,3,4,3,0,3
464,-13,-5,-4,9,0,-5,-5
465,-13,-13,-7,-13,-13,-13,-13
466,-13,-5,-13,-13,-13,-13,-13
467,6,6,-5,-99,6,6,4
468,-12,-12,-12,2,-12,-13,-12
469,2,-8,-12,0,-99,2,-7
470,-13,-13,12,-13,-13,-13,-13
471,-4,-4,-3,-2,-4,-4,-4
472,5,-4,2,0,5,1,2
473,-5,-99,-12,2,-12,-12,-12
474,-12,-12,-7,-12,-12,-13,-12
475,-99,-13,3,-99,-13,-13,-13
476,-6,-12,-4,-99,-6,-7,-6
477,3,3,2,3,3,2,3
478,-4,4,-4,-99,-4,-7,0
479,-6,-4,-9,-2,2,-3,-99
480,-4,4,4,-99,4,4,-2
481,4,5,-13,5,6,6,-99
482,4,5,4,-99,4,4,-99
483,-2,-9,0,0,2,-1,-99
484,-7,-4,-2,-11,-4,-9,-99
485,-12,-99,1,4,4,-12,-1
486,-13,-13,-13,-13,-11,-13,-99
487,-5,-2,-5,-12,-99,-10,-5
488,-7,-8,-4,5,-10,-4,-8
489,-3,-3,-99,-9,-2,-2,-2
490,-4,5,-2,-2,-4,-4,5
491,-13,-13,-5,-99,-13,-13,-13
492,-11,-10,-99,-4,-11,-12,-11
493,-13,-13,-13,-13,-13,4,-13
494,-13,-13,-13,-13,-13,-13,2
495,-1,0,-99,1,1,0,-9
496,-12,-12,-1,2,-12,-12,-12
497,-5,-4,-4,-4,-4,-4,-4
498,-2,2,4,4,4,1,2
499,-8,-4,-9,-9,-3,-9,-5
500,12,11,10,12,12,10,12
501,-10,-11,-99,-13,-4,-11,-12
502,8,7,7,7,10,7,7
503,4,6,-99,5,4,6,4
504,9,12,10,-99,5,7,8
505,-5,-99,-4,1,-99,1,-4
506,-11,-6,-11,-99,-3,-12,-2
507,2,2,2,4,0,-99,0
508,5,8,-99,8,5,7,5
509,1,-12,-12,2,-1,-12,-12
510,4,5,-99,11,3,4,4
511,-8,-13,-11,-11,-11,-11,-11
512,4,4,5,-99,5,4,3
513,-1,-1,-1,-13,3,-6,-1
514,-13,-13,-13,-13,5,-13,-13
515,-12,-12,-12,-13,-12,-12,-12
516,5,5,0,5,5,5,5
517,10,11,10,11,11,10,12
518,4,3,0,3,4,3,3
519,4,7,5,10,4,3,4
520,4,4,5,4,5,2,2
521,-2,-4,-4,2,-4,0,-4
522,-4,-5,-3,4,-4,3,-3
523,3,3,3,5,-13,3,3
524,-12,-12,-12,-12,-3,-4,-12
525,1,1,8,1,0,1,2
526,-4,-4,-99,-3,-2,-4,-4
527,-13,-13,-13,-13,12,-13,-13
528,-1,0,2,0,2,2,0
529,-13,-3,-13,-13,-13,-13,-13
530,0,0,-3,0,-12,-4,-4
531,3,5,5,5,5,5,-99
532,-8,-10,-10,0,-10,-3,-10
533,3,2,-2,12,4,-2,-2
534,0,-12,0,-99,0,0,0
535,6,6,-1,6,6,6,5
536,3,-8,-3,-9,-13,-9,-9
537,2,2,9,4,10,3,2
538,-9,-8,-99,-11,3,-10,0
539,-1,2,9,6,3,0,0
540,-13,-12,-5,-12,4,4,-12
541,2,-13,-13,-13,-99,-13,-13
542,-8,-3,-11,-4,-8,-11,-4
543,-5,-5,-4,-10,-13,-9,-5
544,2,2,2,2,2,2,2
545,2,2,2,2,2,2,2
546,3,2,4,6,2,2,2
547,-12,-3,-12,-12,2,-12,-12
548,-11,-12,-12,-13,-12,-12,-12
549,-13,-5,-13,-13,-13,-13,-13
550,-13,-13,-13,-12,-13,-13,-13
551,5,5,5,4,5,-13,4
552,-11,-11,-10,-13,-11,1,-8
553,-13,-13,-13,-13,-13,-4,-13
554,-1,4,4,4,4,3,4
555,-13,-13,-13,-13,9,-13,-13
556,3,3,3,0,3,3,3
557,-2,-2,-2,2,2,-1,-2
558,-99,-6,10,-6,-9,4,4
559,-1,4,3,7,-1,4,4
560,-13,-13,-13,-13,3,-13,-13
561,-13,-13,-13,-13,-13,-13,0
562,-8,-5,0,0,-6,-9,-6
563,-2,-3,-2,4,-3,-2,-3
564,-11,-13,-11,1,5,-11,0
565,-12,-12,-12,5,-12,-13,-13
566,-1,0,1,-1,-1,-2,-2
567,-12,-10,-12,0,-12,-10,-12
568,-13,-13,-13,-13,-13,-13,-5
569,2,8,7,8,9,3,2
570,2,5,0,3,3,-4,2
571,-12,2,-12,-12,-2,-12,-12
572,-13,-13,-13,-13,1,-13,-13
573,-12,-12,-12,9,9,-4,-12
574,-12,-12,-13,-12,-13,-12,-11
575,-13,-13,-13,-10,-13,-13,-13
576,-13,-99,0,0,0,0,-6
577,-1,-4,-4,1,-5,-12,-11
578,2,11,-99,11,11,11,10
579,-9,-10,-10,-11,-3,-4,-10
580,-13,0,2,4,1,-11,0
581,-1,8,5,0,0,0,2
582,-2,-3,-3,-3,-10,4,-3
583,-13,-13,-13,-13,-13,-13,5
584,1,1,12,3,3,1,0
585,12,12,3,11,4,3,4
586,-4,-1,-99,-1,4,2,0
587,-13,-13,-13,-13,7,-13,-13
588,-4,-3,-3,-3,-12,-4,-4
589,2,4,8,6,2,2,2
590,-1,2,2,-2,-3,-5,-2
591,-2,-4,-99,0,0,0,-1
592,-12,4,-12,9,10,-12,-12
593,3,3,-5,3,4,3,3
594,-4,-99,2,11,4,-4,-4
595,-13,8,-13,-13,-13,-13,-13
596,-11,-11,-12,-11,-5,-11,-12
597,4,5,4,-99,5,2,4
598,-13,-13,-13,-13,-13,-3,-13
599,4,11,4,11,4,-13,-9
600,3,3,-12,3,3,-13,3
601,3,3,-10,3,3,-13,6
602,-11,2,2,-99,-5,2,2
603,-10,-12,-2,-12,-1,-12,-12
604,-2,0,0,-1,1,-1,-1
605,-7,-9,-99,5,-4,-9,-11
606,5,2,4,5,4,-99,4
607,2,3,0,-99,2,-6,2
608,5,5,5,5,-2,7,5
609,-13,9,-13,-13,-13,-13,-13
610,-11,-11,-11,-12,-3,-2,-11
611,-5,-4,-11,-4,-5,-4,-4
612,-13,-3,-13,-13,-13,-13,-13
613,-4,-13,5,-2,5,-4,-4
614,1,0,1,2,1,-1,0
615,2,2,-99,-9,-8,5,2
616,-12,-13,-12,-2,-12,-12,-12
617,-5,-5,-5,-5,-13,-5,-5
618,-99,-13,-13,-13,-13,0,-13
619,-4,-5,-99,-13,-3,-4,-4
620,3,3,2,4,2,3,2
621,2,5,2,1,2,2,2
622,-13,2,-13,-13,-13,-13,-13
623,-13,-2,-13,-13,-13,-13,-13
624,-10,-6,2,-99,-13,-7,-6
625,-7,-99,-8,-99,-4,-2,-6
626,2,1,4,-99,-10,2,2
627,-4,-2,-2,-99,-2,-10,-4
628,-13,-13,-13,2,-13,-13,-13
629,2,12,2,-99,2,-9,-2
630,4,3,-99,4,2,2,-3
631,-4,2,-4,4,3,-8,-4
632,-99,-2,-12,-11,-2,-10,-11
633,-99,1,12,2,12,4,0
634,-12,-12,-1,-12,2,-12,-12
635,12,-13,-13,-99,-13,-13,-13
636,3,3,3,-13,3,4,3
637,-13,-13,-13,-8,-13,-13,-13
638,4,4,10,8,-99,4,10
639,4,4,-13,4,2,4,4
640,7,11,11,-99,10,9,4
641,-5,-5,-99,-13,-5,-5,-5
642,-2,-2,-1,0,2,2,-2
643,-99,2,-2,4,-2,-2,-4
644,2,2,3,3,0,2,2
645,11,9,12,11,10,8,2
646,3,5,7,-99,7,5,3
647,-2,-2,-99,2,4,-2,-2
648,-9,2,2,-13,2,-1,-9
649,12,13,12,6,12,12,12
650,2,0,4,4,-12,-4,-4
651,-4,-4,-4,-2,-3,1,-4
652,5,-12,5,10,11,11,5
653,4,4,11,6,4,4,4
654,-7,-7,-9,-99,-5,6,-5
655,-13,-13,-1,-13,-13,-13,-13
656,0,1,3,3,-2,0,0
657,-1,-3,1,-1,2,1,-8
658,-99,-9,4,5,3,4,-6
659,2,2,3,3,2,3,3
660,-12,-12,-13,5,5,-12,-13
661,-13,-13,-13,-13,-13,11,-13
662,-7,-10,-12,-99,-2,-6,-6
663,-13,-13,-13,-13,-13,-13,-1
664,-12,-12,-99,-13,-12,-2,-12
665,-13,-13,-13,-13,4,-13,-13
666,-7,-9,-2,-2,-2,-5,-5
667,-6,-6,4,-6,-4,-4,-6
668,7,-13,-13,-13,-13,-13,-13
669,-3,-4,-4,-13,-4,-4,-4
670,-4,2,11,-99,2,12,2
671,-4,-4,-99,-12,-4,-2,-4
672,3,-13,-13,-13,-13,-13,-13
673,-12,-12,-13,-12,-11,-12,-12
674,3,1,2,3,2,3,2
675,-4,3,-3,-3,-99,-3,-4
676,5,-13,-13,-99,-13,-13,-13
677,3,5,3,5,1,3,3
678,-13,-13,-13,10,-13,-13,-13
679,-11,-11,-11,-99,-13,-11,-5
680,-3,3,3,-99,2,2,2
681,0,0,0,-99,0,-5,0
682,-2,-2,10,2,-2,-2,-2
683,2,5,-99,2,-12,3,3
684,-13,-13,-13,-13,-4,-13,-13
685,-13,-7,-99,-12,-13,-7,-7
686,-13,-13,-99,-13,-13,-13,-3
687,-99,-13,-13,-13,-13,-9,-13
688,-13,-13,-13,-13,-13,0,-13
689,12,12,13,12,12,12,12
690,-13,-13,-13,-13,-13,-13,-4
691,-13,-13,-13,-13,-13,-2,-13
692,-10,-11,-11,-11,-11,-11,-10
693,-3,-13,0,-7,-3,-6,-4
694,-99,7,11,12,7,6,6
695,-2,-13,2,-2,2,-3,2
696,0,0,-99,2,-13,0,0
697,-99,2,3,3,3,2,2
698,5,-13,-99,5,7,-6,5
699,-13,-13,-13,-13,-13,-11,-13
700,-6,-6,-1,1,-1,2,-5
701,-2,-13,-2,-2,-2,-2,-2
702,-3,-3,-2,-99,-1,-3,-3
703,0,0,0,1,2,0,0
704,-4,-4,-4,-4,6,3,-4
705,-13,-3,-13,-13,-13,-13,-13
706,3,5,5,-8,5,5,4
707,-11,-11,1,1,-3,-11,-4
708,-6,-99,-4,-4,-2,-4,-5
709,-13,-13,-13,-13,-13,-13,-5
710,-2,0,-99,2,2,-11,-2
711,-2,-2,2,7,7,5,4
712,4,4,13,12,13,6,5
713,2,-1,3,3,2,2,-1
714,-13,-13,-13,-13,-10,-13,-13
715,-4,-13,-2,-4,-4,-4,-4
716,-13,-13,-13,-13,2,-13,-13
717,4,6,5,5,12,4,5
718,3,-3,-3,-13,-1,-3,-3
719,-3,-3,-4,-13,-11,0,3
720,3,3,-99,-4,3,3,3
721,0,-11,0,0,-11,-13,-3
722,4,6,4,-9,5,4,4
723,-1,8,7,4,9,3,2
724,-2,-2,-13,-2,-2,-2,-2
725,-5,-5,-12,-5,-5,-5,-5
726,-9,-11,2,0,-9,-11,-8
727,-11,-11,4,4,-8,-8,-11
728,-11,-13,-99,0,-11,-13,-11
729,2,2,-1,3,2,2,-1
730,-13,-13,-13,-13,-13,4,-13
731,8,5,7,7,8,3,6
732,3,-5,-13,3,-5,-5,3
733,-3,-2,-3,-3,-3,-8,-3
734,5,3,2,3,0,3,2
735,-13,5,-13,-13,-13,-13,-13
736,-13,-11,-11,-11,-13,-4,-11
737,10,13,-99,11,10,8,3
738,-99,-4,-6,-13,-4,-9,-9
739,-11,-10,-99,4,-11,-9,-9
740,0,-13,-13,-13,-13,-13,-13
741,-13,-13,-13,-13,-11,-13,-13
742,-5,-5,-10,-5,-10,-4,-12
743,0,2,2,2,3,1,-2
744,-5,-4,-4,-4,-5,-3,-4
745,-4,-13,-13,-13,-13,-13,-13
746,2,2,-99,2,-2,2,2
747,-12,-99,-13,-4,5,-4,-4
748,2,-12,4,2,2,3,3
749,-13,2,-13,-13,-13,-13,-13
750,2,2,-99,2,2,2,3
751,6,10,10,11,-10,11,10
752,-9,1,11,8,11,2,-10
753,-5,-12,-5,-5,-13,-5,-5
754,-13,-13,-13,-13,11,-13,-13
755,-13,12,-13,-13,-13,-13,-13
756,0,-13,0,2,0,-5,0
757,5,5,9,5,5,8,5
758,-2,5,-7,4,4,-99,3
759,0,-4,0,0,0,0,-13
760,0,-4,-3,-4,-4,0,-6
761,2,-3,-3,-13,2,2,2
762,-4,-11,-4,-4,-4,0,3
763,-13,-13,-13,-13,-13,-2,-13
764,-13,-13,10,-13,-13,-13,-13
765,-7,-6,-5,-5,-13,-7,-7
766,3,11,3,13,3,3,3
767,-12,-12,-12,-12,-13,-12,-12
768,5,-3,5,5,-5,-3,-3
769,-2,-2,2,-2,2,-5,-2
770,-2,-1,-1,-13,-2,0,-2
771,-4,-3,-4,-12,-4,-3,-4
772,-3,-10,-2,-10,-2,2,0
773,-4,-2,-11,-3,-3,-3,-3
774,-13,-13,-13,-13,-13,2,-13
775,-8,-13,-5,-5,-12,-5,-7
776,-2,3,-2,-13,-2,5,-2
777,-13,-13,-13,-13,-13,-13,2
778,-4,-11,-12,-11,-4,-11,-9
779,-2,-1,0,-3,-2,-2,-1
780,-11,-11,-99,-3,-2,-11,-11
781,5,3,5,6,2,2,4
782,11,11,10,10,11,4,-13
783,-13,-6,-13,-13,-13,-13,-13
784,12,-13,-13,-13,-13,-13,-13
785,-12,-13,-12,1,-11,-12,-12
786,-2,-3,-3,-2,-12,10,4
787,-13,-13,-2,-13,-13,-13,-13
788,3,-13,-13,-13,-13,-13,-13
789,-3,-3,-3,12,12,8,-99
790,3,6,6,6,-8,-99,6
791,-11,-11,-2,1,-8,-11,-4
792,-10,2,-10,2,9,-99,0
793,0,-10,0,-99,-11,-10,-10
794,-13,-13,-2,-13,-13,-13,-13
795,-13,-13,-13,-11,-13,-13,-13
796,-11,-12,-99,-3,-11,-11,-11
797,-13,-13,-13,-13,-9,-13,-13
798,1,3,4,4,3,4,5
799,-11,-99,-2,-11,-2,-2,-11
800,-13,2,-13,-13,-13,-13,-13
801,-4,10,10,10,10,-99,2
802,12,12,11,11,-99,10,11
803,-2,-2,-13,-99,5,-2,-2
804,-3,-5,-6,2,0,-6,-6
805,4,-99,3,2,2,0,2
806,-9,3,-9,-3,-11,-9,1
807,-4,-9,-6,3,-12,-6,-3
808,-5,-5,-8,3,-4,-5,-4
809,-8,-9,-4,-9,-9,-8,-9
810,-9,-7,-2,-12,-9,-2,-9
811,-3,-13,-13,-13,-99,-13,-13
812,-3,-3,-3,4,2,3,-4
813,-4,-4,-4,-4,-4,-4,-4
814,0,-2,0,-10,-13,-2,0
815,6,-99,-3,12,11,11,6
816,-3,-12,-13,-3,-12,-12,-12
817,6,12,-99,12,6,3,6
818,-10,-13,-10,-2,-4,-11,-10
819,-13,-13,-4,-13,-13,-13,-13
820,-2,-3,-2,0,-3,-3,-1
821,-99,11,11,10,11,5,5
822,5,4,7,7,4,7,4
823,12,8,-99,10,8,9,10
824,5,5,5,5,4,5,5
825,4,6,-13,-99,6,6,4
826,3,-13,-13,-99,-13,-13,-13
827,-8,4,-6,-8,-7,-6,8
828,-12,-12,-12,-13,-12,-12,-12
829,-12,-11,-13,-12,3,-12,-12
830,4,4,5,-99,4,5,5
831,3,3,3,-1,10,3,10
832,-13,-13,-12,-99,-13,-13,-13
833,11,12,3,13,3,3,3
834,1,0,-2,-2,0,6,1
835,-13,-13,-13,-4,-13,-13,-13
836,-13,-13,-99,-13,2,-13,-13
837,3,3,3,-13,3,3,3
838,2,3,5,3,5,-13,2
839,-4,-2,-3,-4,-2,-9,-99
840,0,-1,3,4,-1,1,-2
841,-13,-13,-13,-1,-99,-13,-13
842,-9,-4,-7,-10,-10,-10,-10
843,-2,-2,-3,2,-11,-2,-2
844,-11,-10,-8,-11,-11,-12,-11
845,-12,-12,-12,-12,-12,-13,-12
846,2,1,2,4,4,-2,-2
847,-7,-13,-99,-13,-13,-13,-13
848,-99,12,6,12,11,11,6
849,2,4,2,4,8,2,3
850,-8,-11,-3,-7,-10,-3,-9
851,-5,-13,5,2,0,-5,0
852,0,-2,-12,-12,5,-12,-12
853,4,4,4,4,12,12,12
854,5,3,3,-99,-1,3,3
855,-13,-3,-99,-13,-13,-13,-13
856,0,-13,0,2,1,-13,0
857,-2,0,2,0,0,0,0
858,-2,3,3,-99,3,0,-2
859,4,4,4,11,0,5,4
860,-13,-13,-13,-13,2,-13,-13
861,-13,-13,-13,-13,-13,-13,4
862,4,8,9,4,4,5,5
863,4,4,4,5,3,4,5
864,0,0,0,-99,0,-11,0
865,-2,12,-4,-13,-2,-2,-3
866,-11,-11,-11,-13,-2,-11,-11
867,-13,-13,-13,-13,-13,-13,2
868,-13,4,-13,-99,-13,-13,-13
869,-4,-4,-13,-10,-10,-4,-4
870,4,3,4,4,4,4,3
871,-13,-13,-13,-99,3,-13,-13
872,3,-2,5,4,-1,0,-1
873,0,3,-13,3,4,3,3
874,-13,-13,-13,-13,-13,-4,-13
875,-2,-13,-13,-13,-13,-13,-13
876,-5,-4,-4,2,-6,0,-5
877,-2,-12,7,2,7,7,-1
878,-13,-13,4,-13,-13,-13,-13
879,-13,-12,-13,-13,-13,-13,-13
880,-5,-7,-5,-5,-13,-4,-5
881,-13,-3,1,0,2,0,2
882,-2,-2,-2,-2,2,-2,-2
883,6,5,5,6,3,6,5
884,-5,-4,5,5,-13,-5,-5
885,-2,-2,-4,2,0,0,-2
886,-13,-13,-13,-13,-7,-13,-13
887,1,2,-13,4,3,3,3
888,-11,-11,-11,-11,-2,4,-4
889,-12,-12,-12,-12,-4,-12,-13
890,-3,-4,-3,-4,-4,-4,-3
891,-11,-1,-11,-13,-11,-11,-11
892,-1,-1,-1,3,3,0,0
893,2,-13,-13,-13,-13,-13,-13
894,-13,2,-13,-13,-13,-13,-13
895,-7,-4,-99,-9,3,-3,3
896,3,3,3,3,-2,3,3
897,3,3,-4,3,-3,3,3
898,1,-3,2,-2,2,-2,2
899,2,-12,-11,-99,-11,-11,-11
900,-3,-4,-4,-2,-6,-5,-4
901,-12,-13,-99,-4,-4,-12,-12
902,-3,-3,-3,-8,-3,-99,-3
903,-13,-13,-13,-11,-13,-99,-13
904,-13,-13,-13,-99,-13,3,-13
905,-13,-13,-11,-13,-13,-13,-13
906,-7,-5,-10,-7,-5,-5,-99
907,-5,-3,-8,-6,-4,-8,-6
908,3,-13,3,-99,3,10,2
909,-12,2,2,3,5,-99,-5
910,-13,-13,-13,-4,-13,-13,-13
911,-5,-5,-5,-4,-13,-5,-5
912,-13,-5,-4,-5,-5,-5,-5
913,-13,-5,-5,-5,-13,-5,-5
914,0,11,-99,4,11,11,2
915,5,5,-99,4,4,7,5
916,-10,-13,-13,-13,-13,-13,-13
917,-13,-13,-13,-99,-1,-13,-13
918,-13,-13,-13,-13,-13,3,-13
919,8,8,11,-99,11,10,9
920,5,-13,-99,6,6,6,5
921,-13,-3,-13,-13,-13,-13,-13
922,-13,-13,-13,-11,-13,-13,-13
923,-99,-4,2,-4,-3,2,-2
924,-13,-13,-99,-13,-8,-13,-13
925,-11,-4,-2,-11,-4,-5,-11
926,3,10,10,11,3,10,3
927,-99,2,2,2,2,2,2
928,0,2,2,0,-99,10,0
929,0,-6,-7,0,-6,-6,-6
930,-99,-13,-13,-6,-13,-13,-13
931,-5,-10,-99,-13,-7,-11,-7
932,-6,-6,-13,-99,-7,-7,-7
933,-99,2,3,-99,-5,3,2
934,-4,-4,-5,-4,4,4,-99
935,-4,-4,0,-4,-4,-4,-4
936,-5,-5,-5,4,11,12,-5
937,-12,-12,-12,-12,-13,-11,-12
938,-4,10,9,-99,9,11,-4
939,-11,-11,-13,-11,-6,-9,-11
940,-13,-13,-13,-12,-13,-99,-13
941,-99,-2,-6,-99,4,-5,-6
942,-13,-13,-13,-13,-13,4,-99
943,-13,-13,-3,-13,-13,-13,-13
944,2,1,1,2,1,1,2
945,-3,-13,-4,-99,-4,-5,-4
946,-13,-13,-13,-13,-13,8,-13
947,-10,-10,-4,-10,-13,-9,-4
948,-5,-5,-13,-99,-5,-5,-5
949,0,-2,0,-99,0,0,2
950,-10,-13,-8,-10,-10,-13,-7
951,4,4,-13,-99,6,4,4
952,-4,-4,-5,-99,-3,-4,-3
953,-2,5,-6,-2,4,-13,3
954,-1,10,9,7,10,0,0
955,-13,-13,-11,-13,-13,-13,-13
956,0,0,-99,0,5,-2,-2
957,-4,-2,4,-3,-4,-4,-1
958,-4,0,-2,0,3,3,-4
959,-13,-13,-13,-13,-99,2,-13
960,-13,-12,-12,-12,-13,-12,-11
961,-13,-13,-13,-10,-13,-13,-13
962,-13,-13,-13,-13,-3,-13,-13
963,-12,-12,-13,-12,-12,-12,-11
964,4,3,11,9,11,2,3
965,10,-13,-13,-13,-13,-13,-13
966,-4,-2,-3,-4,-12,-3,-2
967,-13,-13,-13,-99,-13,4,-13
968,-13,-13,-13,-13,-13,-13,-11
969,-11,-12,-2,-11,-13,0,0
970,-13,-99,-13,-13,-5,-13,-13
971,-3,-3,-4,-12,-99,-4,-3
972,-1,1,-1,1,-1,2,-1
973,8,9,8,3,10,9,7
974,-5,-3,-5,-99,-5,-7,-3
975,-1,-1,-2,-6,-2,-2,-1
976,-7,-7,-7,-2,-9,-8,-2
977,5,4,5,5,-4,5,4
978,-13,-13,-13,-4,-13,-13,-13
979,3,3,4,7,6,7,7
980,-4,-4,-2,-4,-4,-4,9
981,-13,-13,-13,-13,-13,-4,-13
982,-12,-12,-12,-12,-13,-12,-11
983,-3,-3,-99,-2,10,1,-3
984,2,-1,0,0,-3,0,0
985,2,-9,-9,-8,-13,-8,-8
986,-13,-13,-13,-13,-13,-13,-2
987,-13,-13,-13,-13,-13,-13,-12
988,-1,-1,-1,-1,0,-1,-1
989,-13,-13,-13,-13,-2,-13,-13
990,-1,10,-1,3,3,3,3
991,4,4,-12,4,4,4,4
992,-13,-13,5,-99,-13,-13,-13
993,-2,7,-99,0,0,7,-2
994,-11,-11,-99,-11,-13,-11,-6
995,12,1,2,2,3,-11,2
996,2,-4,2,2,-4,-4,-4
997,-13,-6,-6,-6,-13,-99,-8
998,-3,-99,-99,2,2,2,2
999,3,6,3,-13,2,4,2
