,0,1,2,3,4,5,6,7,8,9,10,11,12,13,14,15,16,17,18,19,20,21,22,23,24,25,26,27,28,29,30,31,32,33,34,35,36,37,38,39,40,41,labels
0,0,0,0,0,0,0,0,0,0,0,0,0,0,0,0,0,0,0,0,0,0,1,0,0,0,0,2,0,2,0,1,0,0,1,2,2,0,1,0,0,1,2,3
1,0,0,0,0,0,0,0,0,0,0,0,0,0,0,0,0,0,0,0,0,0,0,0,0,0,1,0,2,0,0,0,0,2,1,1,0,2,1,0,2,2,1,1
2,0,0,0,0,0,0,0,0,0,0,0,0,0,0,0,0,2,0,0,0,0,0,0,2,0,1,0,0,0,1,2,0,1,0,0,2,1,1,0,2,0,0,2
3,0,0,0,0,0,0,0,0,0,0,0,0,0,0,0,0,0,0,0,0,0,0,0,0,2,0,1,0,2,0,0,1,0,2,0,1,1,2,2,0,1,0,3
4,0,0,0,0,0,0,0,0,0,0,0,0,0,0,0,0,0,0,0,0,0,0,0,1,0,0,0,1,0,2,2,0,2,0,2,0,2,1,0,1,0,1,5
5,0,0,0,0,0,0,0,0,0,0,0,0,0,0,0,0,0,0,0,0,0,0,0,0,0,2,0,1,0,0,0,0,1,0,2,1,0,1,2,2,2,1,2
6,0,0,0,0,0,0,0,0,0,0,0,0,0,0,0,0,0,1,0,0,0,0,0,2,2,0,0,0,0,0,2,1,0,0,0,0,1,2,1,1,2,0,2
7,0,0,0,0,0,0,0,0,0,0,0,0,0,0,0,0,0,0,0,0,0,0,0,1,0,0,0,0,1,0,2,1,0,2,0,2,0,2,1,0,1,2,3
8,0,2,0,0,0,0,0,0,1,0,0,0,0,0,0,1,0,0,0,0,0,0,2,0,0,0,0,0,0,1,0,1,0,0,0,0,1,0,2,2,0,2,5
9,0,0,0,0,0,0,0,0,0,0,0,0,0,0,0,0,1,0,0,0,0,0,2,2,0,0,0,0,0,1,2,0,0,0,0,2,1,1,2,0,0,1,1
10,0,0,0,0,0,0,0,0,0,0,0,0,0,0,0,0,0,0,0,0,0,0,0,0,2,0,0,0,0,0,0,1,0,0,2,2,1,1,2,1,2,1,3
11,0,0,0,0,0,0,0,0,0,0,0,0,0,0,0,0,0,0,0,0,0,0,1,0,0,0,0,0,0,2,0,2,0,0,2,0,1,1,2,2,1,1,4
12,0,0,0,0,0,0,0,0,0,0,0,0,0,0,0,0,0,0,0,0,0,0,0,1,0,0,0,0,0,0,1,0,2,0,2,2,1,2,0,2,1,1,2
13,0,0,0,0,0,0,0,0,0,0,0,0,0,2,0,0,0,0,0,0,1,0,0,0,0,0,0,1,0,0,2,0,0,0,1,0,2,1,0,2,1,2,4
14,0,0,0,0,0,0,0,0,0,0,0,0,0,0,0,0,0,2,0,0,0,0,0,0,1,0,0,0,0,0,0,1,0,1,0,1,2,1,2,0,2,2,4
15,0,0,0,0,0,0,0,0,0,1,0,0,0,0,0,0,2,0,0,0,0,0,2,2,0,0,0,0,0,2,1,0,1,0,0,0,2,1,0,1,0,0,1
16,0,0,0,0,0,2,0,0,0,0,0,0,1,0,0,0,0,0,0,1,0,0,0,0,0,0,1,0,0,0,2,0,0,2,0,2,2,1,0,0,1,0,3
17,0,0,0,0,0,0,0,0,0,0,0,0,0,0,0,0,0,1,0,0,0,0,2,0,2,0,0,0,0,1,0,1,0,2,0,1,1,0,2,0,2,1,0
18,0,0,0,0,0,0,0,0,0,0,0,0,0,0,0,0,0,0,0,1,0,0,0,0,0,0,1,0,2,0,0,0,1,2,0,1,2,1,1,2,2,0,1
19,0,0,0,0,0,0,0,0,0,0,0,0,0,0,2,0,0,0,0,0,0,1,2,0,0,0,0,0,1,1,0,0,0,0,2,1,1,2,1,0,0,2,3
20,0,0,0,0,0,0,0,0,0,0,0,0,0,0,0,0,0,0,0,0,0,0,0,0,0,0,1,0,1,0,0,2,0,2,2,1,1,1,2,0,1,2,5
21,0,0,0,0,0,0,0,0,0,0,0,0,0,0,0,0,0,0,0,1,0,0,2,0,0,0,2,0,0,1,1,0,0,1,0,1,2,1,2,0,2,0,3
22,0,0,0,0,0,0,0,0,2,0,0,0,0,0,0,1,0,0,0,0,0,0,2,0,0,0,0,0,1,2,0,0,0,0,0,1,2,2,1,1,0,1,5
23,0,0,0,0,0,0,0,0,0,0,0,0,0,0,0,0,0,0,0,0,0,1,0,0,0,0,0,0,2,1,2,1,0,0,0,2,2,1,2,0,1,1,2
24,0,0,0,0,0,0,0,0,0,0,0,0,0,0,2,0,1,0,0,0,0,2,0,1,0,0,0,0,1,0,2,1,0,0,0,1,2,1,2,0,0,0,0
25,0,0,0,0,0,0,0,0,0,0,0,0,0,0,0,0,0,0,2,0,0,0,0,0,0,1,0,0,1,1,2,0,1,0,0,2,2,1,1,2,0,0,2
26,0,0,0,0,0,0,0,0,0,0,0,0,0,0,0,0,0,2,0,0,0,0,1,0,2,0,0,0,0,2,0,1,0,0,0,1,2,2,1,1,0,1,5
27,0,0,0,0,0,0,0,0,0,0,0,1,0,0,0,0,0,0,2,0,0,0,0,2,0,1,0,0,0,0,1,0,2,0,0,0,2,2,1,1,1,0,6
28,0,0,0,0,0,0,0,0,0,0,0,0,0,0,0,0,0,0,0,0,0,2,0,0,2,0,0,0,1,1,0,1,1,0,0,2,2,0,1,2,1,0,3
29,0,0,0,0,0,0,0,0,0,0,0,0,0,0,0,0,0,1,0,0,0,0,0,0,2,0,0,0,0,1,2,2,1,0,0,1,2,1,1,2,0,0,2
30,0,0,0,0,0,0,0,0,0,0,0,0,0,0,0,0,0,0,0,0,1,0,0,0,0,0,0,2,1,0,0,0,0,1,2,1,1,2,1,0,2,2,3
31,0,0,0,0,0,0,0,0,0,1,0,0,0,0,0,0,2,0,0,0,0,1,0,1,0,0,0,0,1,0,2,0,0,1,0,2,0,1,2,0,2,0,0
32,0,0,0,0,0,0,0,0,0,0,0,0,0,0,0,0,2,0,0,0,0,0,0,1,0,0,0,0,0,1,2,0,0,1,1,0,2,1,2,0,2,1,0
33,0,0,0,0,0,0,0,0,0,0,0,0,0,0,0,1,0,0,0,0,0,0,1,2,0,0,0,0,0,1,1,2,0,0,0,0,2,1,2,0,2,1,1
34,0,0,0,0,0,0,0,0,0,0,0,0,0,0,0,0,2,0,0,2,0,0,0,1,0,0,1,0,0,0,2,1,0,2,0,0,0,1,1,2,1,0,3
35,0,0,0,0,0,0,0,0,0,2,0,0,0,0,0,0,1,0,0,0,0,0,1,2,0,0,0,0,0,1,1,0,0,0,0,0,2,1,1,2,2,0,3
36,0,0,0,0,0,0,0,1,0,0,0,0,0,0,2,0,0,0,0,0,0,2,0,0,0,0,0,0,1,0,0,0,2,1,0,1,0,1,2,1,2,0,2
37,0,0,0,0,0,0,0,0,0,0,0,0,0,0,0,0,0,1,0,0,0,0,0,0,2,0,0,0,0,0,1,1,2,0,0,1,0,1,2,2,2,1,4
38,0,2,0,0,0,0,0,0,1,0,0,0,0,0,0,1,0,0,0,0,0,0,1,1,0,0,0,0,2,2,2,0,0,0,0,2,1,1,0,0,0,0,0
39,0,0,0,0,0,0,0,0,0,0,0,0,0,0,0,0,0,2,0,2,0,0,0,0,1,0,1,0,0,0,1,1,0,2,0,0,1,2,1,0,2,0,2
40,1,0,0,0,0,0,0,2,0,0,0,0,0,0,2,0,0,0,0,0,0,1,0,0,0,0,0,0,1,0,2,0,0,0,0,1,0,2,1,0,1,2,2
41,0,0,0,0,0,0,0,0,0,0,0,0,0,0,0,0,1,0,0,0,0,0,0,2,0,0,0,0,0,1,2,0,0,0,0,1,2,2,1,1,1,2,1
42,0,0,0,0,0,0,0,0,0,0,0,0,0,0,0,0,1,0,0,0,0,0,0,2,0,0,0,0,1,0,2,0,1,0,0,1,2,2,1,1,0,2,4
43,0,0,0,0,0,0,0,0,0,0,0,0,0,0,2,0,2,0,0,0,0,2,0,1,0,0,0,0,1,0,1,0,0,0,1,2,1,1,0,0,0,2,0
44,0,0,0,0,0,0,0,0,0,0,0,0,0,0,0,0,0,0,0,0,0,0,1,1,0,0,0,0,0,1,2,1,0,0,1,2,2,1,2,0,0,2,4
45,0,0,0,0,0,0,0,0,0,0,0,0,0,0,0,0,0,0,0,0,0,0,0,1,2,0,0,0,1,0,2,1,0,0,0,1,2,2,1,0,1,2,3
46,0,0,0,0,0,0,0,0,0,0,0,0,0,0,0,0,0,0,0,0,0,0,0,0,0,0,0,0,1,2,1,0,0,0,1,2,2,1,1,2,1,2,1
47,0,0,0,0,0,0,0,0,0,0,0,0,0,0,0,0,0,0,1,0,0,0,0,0,0,1,0,0,2,0,0,1,2,0,0,1,0,1,2,2,1,2,3
48,0,0,0,0,0,0,0,0,0,0,2,0,0,0,0,0,0,1,0,0,0,0,0,1,2,0,0,0,0,1,2,1,0,0,0,0,2,1,2,1,0,0,0
49,0,0,0,0,0,0,0,0,0,0,0,0,2,0,0,0,0,0,0,1,0,0,2,0,0,0,1,0,0,1,0,0,0,1,0,1,2,0,1,0,2,2,3
50,0,0,0,0,0,0,0,0,0,0,0,2,0,0,0,0,0,0,1,0,0,0,0,2,0,2,0,0,0,1,2,0,1,0,0,0,2,1,1,1,0,0,5
51,1,0,0,0,0,0,0,1,0,0,0,0,0,0,1,0,0,0,0,0,0,2,0,0,0,0,0,0,2,0,0,0,2,0,0,1,0,2,2,1,1,0,2
52,0,0,0,0,0,0,0,0,0,0,0,0,0,0,0,0,0,2,0,0,0,0,0,0,2,0,0,0,0,0,2,1,2,0,0,0,1,1,2,1,1,1,2
53,0,0,0,0,0,0,0,0,0,0,0,0,2,0,0,0,0,0,0,1,0,0,0,0,2,0,1,0,0,0,1,1,0,1,0,2,0,2,1,0,2,0,0
54,0,0,0,0,0,0,0,0,0,0,0,0,0,0,0,1,0,0,0,0,0,0,1,0,1,0,0,0,0,2,2,2,0,1,0,0,1,2,2,0,1,0,0
55,0,0,0,0,0,0,0,0,0,1,0,0,0,0,0,0,2,0,0,0,0,0,0,2,0,0,0,0,1,1,2,0,0,2,0,1,2,1,0,0,1,0,1
56,0,0,0,0,0,0,0,0,1,0,0,0,0,0,0,1,0,0,0,0,0,0,2,0,0,0,1,0,0,2,0,0,0,2,0,0,1,1,2,2,1,0,2
57,0,0,0,0,0,0,0,0,0,0,1,0,0,0,0,0,0,2,0,0,0,0,0,0,1,0,0,0,0,0,2,1,0,2,0,1,0,1,2,2,1,0,0
58,0,0,0,0,0,0,0,0,0,0,0,0,2,0,0,0,0,0,0,1,0,0,0,0,0,0,2,0,0,1,1,0,0,2,0,0,1,2,2,1,1,0,2
59,0,0,0,0,0,0,0,0,0,0,0,0,0,0,0,0,0,1,0,0,0,0,0,0,1,0,0,0,0,2,0,1,2,0,0,0,2,1,2,2,1,1,3
60,0,0,0,0,0,0,0,0,0,0,0,0,0,0,0,0,0,1,0,0,0,0,2,0,2,0,0,0,0,1,2,1,0,0,0,2,2,1,1,0,0,1,2
61,0,0,0,0,0,0,0,0,0,0,0,0,0,0,0,0,0,0,0,0,0,0,0,2,0,0,0,1,1,0,1,2,0,0,2,2,0,1,1,2,0,1,3
62,0,0,0,0,0,0,0,0,0,0,0,0,0,0,0,0,0,0,0,0,0,0,0,1,0,0,2,0,1,0,2,1,0,1,2,2,0,2,1,0,1,2,3
63,0,0,0,0,0,0,0,0,0,0,0,0,0,0,0,0,0,1,0,0,0,0,0,0,2,0,0,0,0,0,2,2,0,1,0,1,2,1,2,1,1,2,1
64,0,0,0,0,0,0,0,0,0,0,0,0,0,0,0,0,1,0,0,0,0,0,0,2,0,2,0,2,2,0,1,0,1,0,1,2,0,1,0,2,0,1,3
65,0,0,0,0,0,0,0,0,0,0,0,0,0,0,0,0,0,0,0,0,0,0,0,0,0,2,1,0,2,0,1,0,1,2,0,1,2,1,2,1,2,0,2
66,0,0,0,0,0,0,0,1,0,0,0,0,0,0,1,1,0,0,0,0,0,2,2,0,0,0,0,0,1,1,0,0,0,0,0,2,1,2,2,2,0,0,5
67,0,0,0,0,0,1,0,0,0,0,0,0,2,0,0,0,0,0,0,1,0,0,0,0,0,0,1,0,1,0,0,0,0,2,0,1,2,2,2,1,2,0,3
68,0,0,0,0,0,0,0,0,1,0,0,0,0,0,0,2,0,0,0,0,0,0,1,0,0,1,0,0,0,2,0,2,1,0,0,2,1,2,1,2,0,0,4
69,0,0,0,0,0,0,0,0,0,0,0,0,0,0,0,0,0,0,0,0,0,0,0,2,0,0,1,0,0,0,1,2,0,2,0,1,2,1,1,2,1,2,6
70,0,0,0,0,0,0,0,0,0,0,2,0,0,0,0,0,0,1,0,0,0,0,0,2,2,0,0,1,0,0,1,1,0,0,2,0,1,2,1,0,0,2,3
71,0,0,0,0,0,0,0,0,0,0,0,0,0,0,0,0,0,2,0,0,0,0,0,0,2,0,1,1,0,0,0,1,0,2,2,1,0,1,2,0,1,2,2
72,0,0,0,0,0,0,0,0,0,0,0,0,0,0,0,0,1,0,0,0,0,0,0,2,0,0,1,0,0,2,1,0,0,1,0,2,1,2,1,0,2,2,4
73,0,0,0,0,0,0,0,0,0,0,0,0,0,0,0,0,0,0,0,0,0,1,0,0,0,0,1,0,2,2,0,2,0,1,0,1,1,2,2,1,2,0,2
74,0,0,0,0,0,0,2,0,0,0,0,0,0,2,0,0,0,0,0,0,2,0,0,0,0,0,0,1,0,1,0,1,0,0,2,0,2,0,1,1,2,1,0
75,0,0,0,0,0,0,0,0,0,0,0,0,0,0,0,0,0,0,0,0,2,0,0,0,0,1,0,1,1,0,0,2,2,0,2,1,0,1,2,2,0,1,0
76,0,0,0,0,0,0,0,0,0,0,0,0,0,0,0,0,0,0,0,0,0,0,0,0,2,1,0,1,0,0,0,2,1,0,2,2,1,1,2,2,0,1,3
77,0,0,0,0,0,0,0,0,0,2,0,0,0,0,0,0,1,0,0,2,0,0,0,1,0,0,1,0,0,0,2,2,0,1,0,0,0,2,1,0,1,2,3
78,0,0,0,0,0,0,0,0,0,0,0,0,0,0,0,0,0,0,0,0,0,0,2,2,0,0,0,1,0,2,1,0,0,0,1,2,1,1,1,2,0,2,1
79,0,0,0,0,0,0,0,0,0,0,0,0,0,2,0,0,0,0,0,0,2,0,0,0,0,0,0,1,0,1,0,0,2,0,1,1,2,0,2,1,1,2,3
80,0,0,0,0,0,0,0,0,0,0,0,0,0,0,0,0,2,0,0,0,0,0,1,1,0,0,0,0,0,1,2,2,0,0,0,0,2,1,1,1,2,2,1
81,0,0,0,0,0,0,0,0,1,0,0,0,0,0,0,1,0,1,0,0,0,0,2,0,1,0,0,0,0,1,0,2,2,0,0,2,2,0,1,2,0,0,3
82,0,0,0,0,0,0,0,0,0,0,0,0,0,0,2,0,0,0,0,0,0,2,0,1,0,0,0,0,1,0,2,1,0,0,0,1,1,2,2,1,2,0,2
83,0,0,2,0,0,0,0,0,0,1,0,0,0,0,0,0,1,0,0,1,0,0,0,1,0,0,2,0,0,0,2,0,0,2,0,0,1,1,2,0,2,0,3
84,0,0,0,0,0,0,0,0,0,0,0,0,0,0,0,0,0,2,0,0,0,0,0,0,1,0,0,0,0,0,1,2,2,0,2,1,1,2,1,1,0,2,2
85,0,0,0,2,0,0,0,0,0,0,1,0,0,0,0,0,0,1,0,0,0,0,0,2,2,0,0,0,1,0,1,2,0,0,0,2,0,1,2,1,0,0,0
86,0,0,0,0,0,0,0,0,0,0,0,0,0,0,2,2,0,0,0,0,0,1,1,1,0,0,0,0,2,1,2,0,0,0,0,2,1,2,0,0,1,0,5
87,0,0,0,0,0,0,0,0,0,1,0,0,0,0,0,2,2,0,0,0,0,0,1,2,0,0,0,0,0,1,1,0,0,0,0,2,1,2,2,0,1,0,3
88,0,0,0,0,0,0,0,0,0,2,0,0,0,0,0,0,2,2,0,0,0,0,0,1,2,0,0,0,1,0,1,1,0,0,0,2,0,2,1,0,1,0,0
89,0,0,0,0,0,0,0,0,0,0,0,0,0,0,0,0,0,0,0,0,0,0,0,0,1,0,0,0,2,0,1,2,2,0,0,1,1,1,2,2,1,2,2
90,0,0,0,0,0,0,0,0,0,0,1,0,0,0,0,0,0,2,0,0,0,0,0,0,1,0,0,0,1,2,0,2,0,0,0,2,1,1,2,0,1,2,5
91,0,0,0,0,0,0,0,0,0,0,0,0,2,0,0,0,0,0,0,1,0,0,0,0,0,1,2,0,1,0,0,0,2,1,0,1,2,2,0,1,2,0,0
92,0,0,0,0,0,0,0,0,0,0,2,0,0,0,0,2,0,1,0,0,0,0,1,0,1,0,0,0,0,2,0,2,0,2,0,0,1,0,2,1,1,0,4
93,0,0,0,0,0,0,0,0,0,2,0,0,0,0,0,0,1,0,0,0,0,0,0,1,2,0,0,0,0,0,2,2,1,0,0,0,0,2,1,1,1,2,3
94,0,0,0,0,0,0,0,0,0,0,0,0,0,0,0,0,0,0,0,0,0,2,0,0,1,1,0,0,1,0,0,2,2,0,0,1,1,2,2,2,1,0,2
95,0,0,0,0,0,0,0,0,0,0,0,2,0,0,0,0,0,0,1,0,0,0,0,0,1,1,0,0,0,0,0,2,1,0,0,2,0,1,1,2,2,2,3
96,0,0,0,1,0,0,0,0,0,0,1,0,0,0,0,0,0,2,0,0,0,2,0,0,1,0,0,0,1,0,0,2,0,0,0,1,2,2,2,1,0,0,2
97,2,0,0,0,0,0,0,1,0,0,0,0,0,0,1,0,0,0,0,0,0,1,0,0,0,0,0,0,2,1,0,0,0,0,0,2,1,0,2,2,2,1,2
98,0,0,0,0,0,0,0,0,0,0,0,0,0,0,0,1,2,0,0,0,0,0,2,2,0,0,0,0,1,1,1,0,0,0,2,2,1,2,0,0,0,1,4
99,0,0,0,0,0,0,0,1,0,0,0,0,0,0,2,0,0,2,0,0,0,1,0,0,2,0,0,0,1,0,0,2,0,0,0,2,0,1,1,2,0,1,3
100,0,0,0,0,0,0,0,0,0,0,0,0,0,0,0,1,2,0,0,0,0,0,1,2,0,0,0,0,0,2,2,1,0,0,0,0,1,1,2,0,2,1,2
101,0,0,0,0,0,0,0,0,0,0,2,0,0,0,0,0,0,1,0,0,0,0,0,2,1,0,0,0,0,0,1,2,0,0,2,0,1,2,1,2,0,1,4
102,0,0,0,0,0,0,0,0,0,0,0,0,0,0,0,0,0,0,0,0,0,0,2,0,0,0,0,0,1,1,2,2,0,0,0,1,2,1,2,1,2,1,3
103,0,0,0,0,0,0,0,0,0,0,0,0,0,0,0,0,0,0,0,0,0,0,0,1,0,0,0,0,1,2,2,2,0,0,0,2,1,1,2,1,2,1,4
104,0,0,0,0,0,0,0,0,0,0,0,0,0,0,0,0,2,0,0,0,0,2,0,2,0,0,0,0,2,0,1,0,0,0,0,1,1,2,1,1,2,1,0
105,0,0,0,0,0,0,0,0,0,0,0,0,0,0,0,1,0,0,0,0,0,0,2,0,0,2,0,0,0,1,2,0,1,0,0,1,2,1,2,2,0,1,1
106,0,0,0,0,0,0,0,0,0,2,0,0,0,0,0,0,2,0,0,0,0,1,0,1,0,0,0,0,2,0,1,0,1,0,0,2,0,1,2,2,0,1,0
107,0,0,0,0,0,0,0,0,0,0,0,0,0,0,0,1,0,0,2,0,0,0,2,2,0,1,0,0,0,2,1,0,2,0,0,0,1,1,0,2,0,1,2
108,0,0,0,0,0,0,0,0,0,0,0,0,0,0,0,0,1,0,1,0,0,0,0,1,0,2,0,0,0,0,2,0,2,0,0,1,0,1,2,2,2,1,2
109,0,0,0,0,0,0,0,0,0,0,0,0,0,2,0,0,0,0,0,0,1,0,0,0,2,0,1,2,0,0,0,1,0,2,1,0,0,1,2,0,1,2,5
110,0,0,0,0,0,0,0,0,0,0,0,0,0,0,0,0,0,0,1,0,0,0,2,0,0,2,0,0,0,1,1,0,2,0,0,2,1,2,0,2,1,1,0
111,0,0,0,0,0,0,0,0,0,0,0,0,0,0,0,1,0,0,0,0,0,0,1,2,0,0,0,0,2,2,2,0,0,1,0,1,2,1,0,0,2,1,1
112,1,0,0,0,0,0,0,2,0,0,0,0,0,0,2,0,0,0,0,0,0,2,0,0,0,0,0,0,1,0,0,0,1,1,0,1,0,0,2,2,2,1,2
113,0,0,0,0,0,0,0,0,0,0,0,0,0,0,0,0,0,2,0,0,0,0,0,0,2,0,1,0,1,2,0,2,0,1,0,2,1,0,1,0,2,1,3
114,0,0,2,0,0,0,0,0,0,1,0,0,0,0,0,0,1,0,0,0,0,0,0,1,0,0,0,0,0,2,2,0,0,0,0,1,1,1,2,2,2,0,6
115,0,0,0,2,0,0,0,0,0,0,1,0,0,0,0,0,0,2,0,0,1,0,0,0,2,0,0,2,0,0,0,1,0,0,1,0,1,0,2,0,2,1,6
116,0,0,0,0,0,0,0,0,0,0,0,0,2,0,0,0,0,0,0,1,2,0,0,0,0,0,1,2,0,0,1,0,0,1,2,0,2,1,0,0,2,1,6
117,0,0,0,0,0,0,0,0,0,0,1,0,0,0,0,0,0,1,0,0,0,0,0,0,2,0,0,0,1,0,2,2,2,0,0,1,1,2,1,2,0,0,1
118,0,0,0,0,0,0,0,0,2,0,0,0,0,0,0,2,0,0,0,0,0,0,1,1,0,0,0,0,0,2,2,1,0,0,0,2,1,1,1,2,0,0,3
119,0,0,0,0,0,0,0,0,0,0,0,0,0,0,0,0,1,0,0,0,0,0,2,2,2,0,0,0,2,1,1,1,0,0,0,1,2,2,1,0,0,0,0
120,0,0,0,0,0,0,0,0,0,0,0,0,0,0,0,0,1,0,0,0,0,0,0,2,2,0,0,0,1,0,1,1,2,0,0,2,0,1,1,2,2,0,3
121,0,0,0,0,0,0,0,0,0,0,2,0,0,0,0,0,1,2,0,0,0,0,0,1,2,0,0,0,0,0,2,1,0,0,0,1,1,2,1,0,0,2,3
122,0,0,0,0,0,0,0,0,0,0,0,0,0,0,0,0,2,0,0,0,0,0,0,1,0,0,0,0,1,1,1,0,0,1,0,1,2,2,0,2,2,2,3
123,0,0,0,0,0,0,0,0,0,0,0,0,0,0,0,0,0,0,0,0,0,0,2,2,1,0,0,0,0,2,1,2,0,1,0,1,1,1,2,0,2,0,1
124,0,0,0,0,0,0,0,0,0,0,0,0,0,0,0,0,0,2,0,0,0,0,0,1,2,0,0,0,0,0,2,1,1,1,0,0,1,2,1,2,2,0,2
125,0,0,0,0,0,0,0,0,0,0,0,0,0,0,1,0,0,0,0,0,0,1,1,1,0,0,0,0,2,2,2,0,0,0,0,2,1,1,2,2,0,0,3
126,0,0,0,0,0,0,0,0,0,0,0,0,0,0,0,0,0,0,0,0,0,0,1,2,0,0,0,0,1,2,2,0,0,0,1,2,1,1,1,2,0,2,4
127,0,0,0,0,0,0,0,0,0,0,0,0,0,0,0,0,2,1,0,0,0,0,0,2,1,0,0,0,0,0,1,2,0,0,1,0,1,2,1,2,0,2,3
128,0,2,0,0,0,0,0,0,1,0,0,0,0,0,0,1,0,0,0,0,0,0,1,0,0,0,0,0,0,2,0,2,0,0,1,0,2,0,1,1,2,2,0
129,0,0,0,0,0,0,0,0,0,0,0,0,0,0,0,0,0,0,0,0,0,0,1,0,0,0,0,0,1,2,0,1,1,2,0,2,2,1,2,1,2,1,3
130,0,0,0,0,0,0,0,0,0,0,0,0,0,0,0,2,0,0,0,0,0,0,1,0,0,1,1,0,0,1,0,2,1,2,0,0,1,2,2,1,2,0,4
131,0,0,0,0,0,0,0,0,0,0,0,0,0,0,0,0,1,0,0,0,0,0,0,2,0,1,0,0,0,0,1,0,2,2,1,1,2,1,0,2,2,1,5
132,0,1,0,2,0,0,0,0,1,0,2,0,0,0,0,2,0,1,0,0,0,0,2,0,2,0,0,0,0,1,0,1,0,0,0,0,1,0,2,0,0,1,0
133,0,0,0,0,0,0,0,2,0,0,0,0,0,0,1,0,0,0,0,0,0,1,2,0,2,0,0,0,1,1,1,2,0,0,0,2,2,1,1,0,0,0,2
134,0,0,0,0,0,0,0,0,0,0,0,0,0,0,0,0,2,0,0,0,0,1,0,1,0,1,0,0,2,0,2,0,1,0,2,1,0,2,1,1,0,2,4
135,0,0,0,0,0,0,0,0,0,0,0,0,0,0,0,2,1,0,0,0,0,0,1,2,0,0,0,1,0,1,1,1,0,0,2,0,1,2,2,0,0,2,3
136,0,0,0,0,0,0,0,0,0,0,0,0,0,0,0,0,1,0,0,0,1,0,0,2,2,0,0,1,0,0,2,1,0,0,2,0,1,2,1,1,0,2,3
137,0,0,0,0,0,0,0,0,0,0,0,0,0,0,2,0,0,2,0,0,0,1,0,0,1,0,0,0,1,0,1,2,0,0,2,1,0,1,2,0,1,2,5
138,0,0,0,0,0,0,0,0,0,0,0,0,0,0,2,0,0,0,0,0,0,1,0,0,0,0,2,1,1,0,0,0,0,1,2,1,1,0,2,1,2,2,3
139,0,0,0,0,0,0,0,0,0,0,0,0,0,0,0,0,0,0,0,2,0,0,0,0,0,0,1,1,1,0,0,1,0,1,2,2,2,1,2,0,1,2,3
140,0,0,0,0,0,0,0,0,0,0,0,0,0,0,0,0,0,0,1,0,0,0,0,1,0,2,2,0,0,2,1,0,2,1,0,0,1,2,0,2,1,1,5
141,0,0,0,0,0,0,2,0,0,0,0,0,0,1,0,0,0,0,0,0,1,0,0,0,0,0,0,1,1,0,0,2,0,0,2,1,2,1,2,0,2,1,5
142,0,0,0,0,0,0,0,0,0,0,0,0,0,0,0,0,1,0,1,0,0,0,0,2,0,2,0,0,1,0,1,2,2,0,0,1,2,1,2,1,0,0,3
143,1,0,0,0,0,0,0,1,0,0,0,0,0,0,2,0,0,0,0,0,0,2,0,0,0,0,2,0,1,0,0,0,2,1,0,1,1,0,2,1,2,0,1
144,0,0,0,0,0,0,0,0,0,0,0,0,0,0,0,0,2,0,0,0,0,0,0,1,0,2,2,0,0,1,2,0,1,1,0,0,2,1,0,1,2,1,2
145,0,0,0,0,0,0,0,0,0,0,0,0,0,0,1,0,1,0,0,0,0,1,0,2,0,0,0,2,2,0,1,2,0,0,1,2,0,1,2,0,0,1,0
146,0,0,0,0,0,0,0,0,0,1,0,0,0,0,0,0,2,0,0,0,0,0,0,2,0,0,0,2,1,0,2,1,0,0,1,2,0,1,1,2,0,1,4
147,0,0,0,0,0,0,0,0,0,0,0,0,0,0,0,0,0,0,1,0,0,1,0,0,0,1,0,2,2,0,2,0,2,0,1,1,0,1,2,2,0,1,3
148,0,0,0,0,0,0,0,0,0,0,0,0,0,0,0,0,0,0,0,2,0,0,0,0,1,0,1,2,0,0,0,2,0,2,1,1,2,1,1,0,2,1,2
149,0,1,0,0,0,0,0,0,1,0,0,0,0,0,0,2,0,2,0,0,0,0,2,0,1,0,0,0,1,2,0,1,0,0,0,1,1,2,2,0,0,0,2
150,0,0,0,0,0,0,0,0,0,0,0,0,1,0,0,0,0,0,0,1,0,0,0,1,1,0,2,0,0,0,2,2,0,2,0,2,1,2,1,0,1,0,0
151,0,0,0,0,0,0,0,0,0,0,0,0,0,0,0,0,1,0,0,0,0,0,0,2,0,2,2,0,0,0,2,0,1,2,0,1,1,1,2,1,1,0,0
152,0,0,0,0,0,0,0,0,0,0,0,0,0,0,1,0,0,0,0,0,0,2,0,1,0,0,0,0,2,1,2,0,1,0,0,2,2,1,2,1,1,0,4
153,0,0,0,0,0,0,0,0,0,1,0,0,0,0,0,1,2,0,0,0,0,2,2,2,0,0,0,0,1,1,1,0,0,0,0,2,1,2,0,0,1,0,5
154,0,0,0,0,0,0,0,0,0,0,0,0,0,0,0,1,0,0,0,0,0,0,1,2,0,0,0,0,2,2,1,0,0,0,1,2,1,2,2,0,1,1,0
155,0,0,0,0,0,0,0,0,0,0,0,0,0,0,0,0,1,0,0,0,1,0,2,2,0,0,0,2,0,1,2,1,0,0,1,0,1,2,1,0,0,2,2
156,0,0,0,0,0,0,0,0,0,0,0,0,0,0,0,0,2,0,0,0,0,0,0,1,0,0,0,2,0,2,1,1,1,0,1,0,2,1,2,1,0,2,3
157,0,0,0,0,0,0,0,0,0,0,0,0,0,0,0,0,0,0,0,0,0,0,0,2,1,0,0,2,1,1,1,2,0,0,1,2,1,1,2,0,0,2,2
158,0,0,0,0,0,0,0,2,0,0,0,0,0,0,2,0,0,0,0,0,0,1,0,0,2,0,0,2,1,0,0,1,0,0,1,1,0,2,1,1,0,2,3
159,0,0,0,0,0,0,0,0,0,0,0,0,0,0,0,0,0,0,0,0,0,0,0,0,2,0,0,2,1,0,2,1,0,1,1,1,2,2,1,0,1,2,3
160,0,0,0,0,0,0,0,0,0,0,0,0,0,0,2,0,0,2,0,0,0,1,0,0,1,0,0,2,1,0,0,1,0,0,1,2,1,2,1,0,0,2,1
161,0,0,0,0,0,0,0,0,0,0,0,0,0,0,0,0,0,2,0,0,0,0,0,0,2,0,0,2,0,0,2,1,1,0,1,1,1,1,2,1,0,2,2
162,0,0,0,0,0,0,0,0,0,0,0,0,0,0,0,0,0,2,0,0,1,0,0,0,1,0,0,2,1,0,0,2,1,0,1,1,0,2,1,2,0,2,0
163,0,0,0,0,0,0,0,0,0,0,0,0,0,1,0,0,0,0,0,0,1,0,0,0,0,0,0,2,2,0,0,0,2,1,1,1,0,2,1,1,2,2,2
164,0,0,0,0,0,0,0,0,0,0,0,0,1,0,0,0,0,0,0,1,0,0,0,0,0,0,2,0,1,0,0,2,1,2,0,2,1,1,1,2,2,0,3
165,0,0,0,0,0,0,0,0,0,1,0,0,0,0,0,0,2,0,2,0,0,0,0,2,0,1,0,0,0,0,2,0,1,1,0,1,2,1,0,2,1,0,1
166,0,0,0,0,0,0,0,0,0,0,0,0,0,0,0,2,0,0,0,0,1,0,1,0,1,0,0,2,0,1,0,2,0,0,2,0,2,0,1,2,1,1,4
167,0,0,0,0,0,0,0,0,0,0,0,0,0,0,0,0,0,0,0,0,0,1,1,0,0,0,0,0,2,2,2,1,0,0,0,1,2,1,2,2,1,1,3
168,0,0,0,0,0,0,0,0,0,0,0,0,0,0,0,0,2,0,0,0,0,0,2,1,0,0,0,0,0,1,2,0,0,1,1,0,1,2,2,2,1,1,5
169,1,0,0,0,0,0,0,2,0,0,0,0,0,0,1,0,0,0,0,0,0,1,0,0,0,0,0,0,2,2,0,2,0,0,0,1,2,0,1,2,1,1,1
170,0,0,0,0,0,0,0,0,0,0,0,0,0,0,1,0,0,0,0,0,0,1,0,1,0,0,0,0,2,1,1,2,0,0,0,2,2,1,2,2,1,0,2
171,0,0,0,0,0,0,0,0,0,0,0,0,0,0,0,0,0,1,0,0,0,0,1,0,2,1,0,0,0,2,0,2,1,0,0,0,1,2,2,2,1,1,5
172,0,0,0,0,0,0,0,0,0,0,0,0,0,0,0,0,0,1,0,0,0,0,0,1,2,0,0,0,0,2,2,2,1,0,0,0,1,1,2,2,1,1,2
173,0,0,0,0,0,0,0,0,0,0,0,0,0,0,0,0,0,2,0,0,0,2,0,0,1,0,0,0,1,0,2,1,1,0,0,2,1,2,1,2,1,0,4
174,0,0,0,0,0,0,0,0,0,1,1,0,0,0,0,0,2,2,0,0,0,0,0,1,1,0,0,0,0,0,2,2,0,0,0,0,0,2,1,2,1,1,4
175,0,0,0,0,0,0,0,0,0,0,0,0,0,0,0,1,0,2,0,0,0,0,2,0,1,0,0,0,2,1,0,2,0,0,0,1,1,1,2,2,0,1,3
176,0,0,0,0,0,0,0,0,0,0,0,0,0,0,0,0,0,0,0,0,1,1,0,0,2,0,0,2,1,1,0,2,0,0,2,1,1,2,1,0,0,2,0
177,0,0,0,0,0,1,0,0,0,0,0,0,1,0,0,0,0,0,0,1,1,0,0,0,0,0,2,2,0,0,0,2,0,1,2,0,0,1,2,0,1,2,3
178,0,0,0,0,0,0,0,0,0,0,2,0,0,0,0,0,1,1,0,0,0,0,0,2,2,0,0,0,0,0,1,2,1,0,0,1,2,1,1,2,0,0,4
179,0,0,0,0,0,0,0,0,0,2,0,0,0,0,0,0,2,0,0,0,0,2,0,1,0,0,1,0,1,0,2,0,0,1,0,1,0,2,1,0,2,1,0
180,0,0,0,0,0,0,0,0,0,0,0,0,0,0,1,0,0,0,0,0,0,2,2,2,0,0,0,0,2,1,1,0,0,0,0,1,1,1,2,0,2,1,1
181,0,0,0,0,0,0,0,0,1,0,0,0,0,0,0,1,0,0,0,0,0,0,1,2,0,0,0,0,1,2,1,2,0,0,0,2,2,1,1,0,2,0,1
182,0,0,0,0,0,0,0,0,0,1,0,0,0,0,0,0,2,0,0,0,0,0,0,2,1,0,0,0,0,0,2,2,0,1,0,0,2,1,1,1,2,1,1
183,2,0,0,0,0,0,0,1,0,0,0,0,0,0,1,0,0,0,0,0,0,1,0,0,0,0,0,0,2,2,0,2,0,1,0,1,1,0,2,0,2,1,2
184,1,0,0,0,0,0,0,1,0,0,0,0,0,0,2,0,0,0,0,0,0,2,0,0,2,0,0,0,1,0,0,1,0,1,0,1,2,0,2,1,2,0,3
185,0,0,0,0,0,0,0,0,0,0,0,0,0,0,0,2,0,1,0,0,0,0,1,0,2,0,0,0,0,2,0,1,0,1,0,2,1,1,2,0,2,1,0
186,0,0,0,0,0,0,0,0,0,0,0,0,0,0,2,0,0,0,0,0,0,2,0,2,2,0,0,0,1,0,1,1,0,0,0,1,1,1,2,1,2,0,1
187,0,0,0,0,0,0,0,0,0,1,0,0,0,0,0,0,2,0,0,0,0,1,0,1,2,0,0,0,1,0,2,1,0,0,0,2,0,1,2,0,2,1,0
188,0,0,0,0,0,0,0,0,0,0,0,0,0,0,1,0,0,0,0,0,0,1,0,0,2,0,0,0,2,0,0,2,1,0,0,2,1,2,1,1,2,1,3
189,0,0,0,0,0,0,0,0,0,0,0,0,0,0,0,0,0,0,0,0,0,2,0,0,2,0,1,0,1,0,1,2,0,1,0,1,2,2,1,1,2,0,3
190,0,0,0,0,0,0,0,0,0,0,1,0,0,0,0,0,0,2,0,0,0,0,0,0,1,0,0,1,2,0,2,2,0,0,1,1,0,1,2,0,2,1,6
191,0,0,0,0,0,0,0,0,0,0,2,0,0,0,0,0,0,1,0,0,0,1,0,0,2,0,0,0,1,0,1,2,0,0,0,2,2,1,1,1,2,0,0
192,0,0,0,0,0,0,0,0,0,1,0,0,0,0,0,0,1,0,0,0,0,0,0,2,2,0,0,0,1,0,1,2,0,0,0,1,2,1,1,2,2,0,0
193,0,0,0,0,0,0,0,0,0,0,1,0,0,0,0,0,1,2,0,0,0,0,0,1,1,0,0,0,0,0,2,2,0,1,0,0,0,2,1,2,2,1,4
194,0,0,0,0,0,0,0,0,0,0,0,0,0,0,0,0,0,2,1,0,0,0,0,0,1,1,0,0,0,0,2,2,1,0,0,0,1,1,2,2,2,1,4
195,0,0,0,0,0,0,0,0,0,0,1,0,0,0,0,0,0,2,0,0,0,0,0,0,2,0,0,0,0,0,1,2,0,1,0,2,1,1,1,2,2,1,2
196,0,0,0,0,0,0,0,0,0,0,0,0,0,0,0,0,0,0,2,0,0,0,1,0,0,2,0,0,1,1,2,0,1,0,1,2,2,1,0,2,0,1,0
197,0,0,0,0,0,0,0,0,0,0,0,0,0,0,0,0,0,1,0,0,0,0,0,0,2,0,0,0,0,1,2,1,2,0,0,1,2,2,1,1,2,1,2
198,0,0,0,1,0,0,0,0,0,0,1,0,0,0,0,0,0,2,0,0,0,0,0,0,2,0,0,0,1,1,0,2,2,0,0,1,2,0,1,1,2,0,2
199,0,2,0,0,0,0,0,0,1,0,0,0,0,0,0,1,0,0,0,0,0,0,1,0,0,0,0,0,1,2,0,0,2,0,0,1,2,1,0,2,2,1,2
200,0,0,0,0,0,0,0,0,0,0,0,0,0,0,0,0,0,0,0,0,0,0,0,1,0,0,0,0,2,0,2,0,2,1,1,1,1,1,2,2,2,1,1
201,0,0,0,0,0,0,0,0,0,0,0,0,0,0,0,0,0,0,0,0,2,2,0,1,0,0,0,1,2,0,2,0,0,0,1,1,1,2,1,2,0,1,0
202,0,0,0,0,0,0,0,0,0,0,0,0,0,0,0,0,0,0,0,0,2,0,0,1,0,0,1,1,0,0,2,2,0,1,1,0,0,1,2,2,2,1,2
203,0,0,0,0,0,0,0,0,1,0,0,0,0,0,0,2,0,0,0,0,0,0,1,0,0,2,1,0,0,2,2,0,1,1,0,0,2,1,0,1,2,0,4
204,0,0,0,0,0,0,0,0,0,0,0,0,0,0,0,0,1,0,0,0,0,0,1,2,0,2,0,0,0,2,2,1,1,0,0,0,1,1,2,1,2,0,0
205,0,0,0,0,0,0,0,0,0,0,0,0,0,0,0,0,0,0,2,0,0,0,0,0,0,1,0,0,0,2,0,2,1,0,1,2,1,1,1,2,2,1,1
206,1,0,0,0,0,0,0,2,0,2,0,0,0,0,1,0,1,0,0,0,0,1,0,2,0,0,0,0,2,1,2,0,0,0,0,1,1,2,0,0,0,0,2
207,0,0,0,0,0,0,0,0,0,0,2,0,0,0,0,2,0,1,0,0,0,2,1,0,1,0,0,0,1,2,0,2,0,0,0,1,2,0,1,0,1,0,4
208,0,0,0,0,0,0,0,0,0,0,0,0,1,0,0,0,0,0,0,2,0,0,0,2,0,0,1,0,0,0,1,0,1,2,0,2,0,1,1,2,2,1,0
209,0,0,0,0,0,0,0,0,0,0,0,0,0,0,0,0,0,1,0,0,2,0,0,0,2,0,0,1,0,0,0,1,1,0,1,0,2,2,1,1,2,2,5
210,0,0,0,0,0,0,0,2,0,0,0,0,0,0,1,0,1,0,0,0,0,2,0,2,0,0,0,0,2,0,1,2,0,0,0,1,1,2,1,0,1,0,3
211,0,0,0,0,0,0,0,0,0,0,0,0,0,0,0,2,1,0,0,0,0,0,2,1,0,0,0,0,2,1,1,1,0,0,0,1,2,2,1,0,0,2,2
212,0,0,0,0,0,0,0,1,0,0,0,0,0,0,1,0,0,0,0,0,0,2,0,0,0,0,0,0,1,0,0,2,0,0,1,2,2,1,2,1,1,2,2
213,0,0,0,0,0,0,0,0,1,0,0,0,0,0,0,1,0,0,0,0,0,0,2,1,1,0,0,0,0,1,2,2,0,0,0,0,2,1,2,1,0,2,2
214,0,0,0,0,0,0,0,0,0,1,0,0,0,0,0,0,2,0,0,0,0,0,0,2,0,0,0,0,2,0,1,2,0,1,1,1,0,1,2,0,1,2,3
215,0,0,0,0,0,0,0,0,0,0,1,0,0,0,0,0,2,1,0,0,0,0,0,2,1,0,0,0,0,0,1,2,0,0,1,1,2,1,2,0,0,2,3
216,0,0,0,0,0,0,0,0,0,0,0,0,0,0,1,0,0,0,0,0,0,2,0,1,2,0,0,0,1,0,2,1,0,0,0,1,2,2,1,1,0,2,3
217,0,0,0,0,0,0,0,0,0,1,0,0,0,0,0,0,2,0,0,0,0,0,0,1,2,0,0,0,0,0,2,1,0,0,1,1,2,2,1,0,1,2,3
218,0,0,0,1,0,0,0,2,0,0,1,0,0,0,1,0,0,2,0,0,0,2,0,0,1,0,0,0,2,0,0,1,0,0,1,2,0,0,1,0,0,2,2
219,0,0,0,0,0,0,0,0,0,0,0,0,0,0,0,0,1,2,0,0,0,0,0,1,1,0,0,0,0,0,2,1,0,0,0,2,2,1,2,1,1,2,4
220,0,0,0,0,0,0,0,0,0,0,0,0,0,0,1,0,0,2,0,0,0,1,0,0,1,0,0,0,2,0,2,2,1,0,0,1,0,1,2,1,0,2,4
221,0,0,0,0,0,0,0,0,0,0,2,0,0,0,0,0,0,1,0,0,0,0,0,0,2,0,0,0,1,2,0,1,1,0,0,2,1,2,1,1,0,2,3
222,0,0,0,2,0,0,0,0,0,0,1,0,0,0,0,0,0,2,0,0,0,1,0,0,1,0,0,0,2,0,1,1,0,0,0,1,2,2,1,0,0,2,2
223,0,0,0,0,0,0,0,0,1,0,0,0,0,0,0,2,0,0,0,0,0,0,2,2,0,0,0,1,0,1,1,0,0,0,1,0,1,2,0,2,1,2,4
224,0,0,0,0,0,0,0,1,0,0,0,0,0,0,2,0,0,0,0,0,0,2,0,0,0,0,0,0,2,0,0,1,0,0,1,1,1,1,2,2,1,2,4
225,0,0,0,0,0,0,0,0,0,0,0,0,0,0,0,0,0,0,0,0,0,1,0,0,0,2,0,0,2,0,2,0,1,0,1,1,2,1,1,2,1,2,3
226,0,0,0,0,0,0,0,0,0,0,0,2,0,0,0,0,0,0,1,0,0,0,0,0,2,1,0,0,0,0,0,1,2,0,1,1,2,1,1,2,0,2,1
227,0,0,0,0,0,0,0,0,0,0,0,0,0,0,1,0,0,0,0,0,0,2,0,0,0,0,1,0,2,0,0,2,0,1,0,1,2,1,1,1,2,2,2
228,0,0,0,0,0,0,0,2,0,0,0,0,0,0,1,0,0,0,0,0,0,1,2,0,0,0,0,0,1,1,0,2,0,0,0,2,1,1,1,0,2,2,4
229,0,0,0,1,0,0,0,0,0,0,2,0,0,0,0,0,0,2,0,0,0,0,0,0,1,0,0,0,0,0,0,1,1,0,1,2,0,1,2,1,2,2,5
230,0,0,0,0,0,0,0,0,1,0,0,0,0,0,0,2,0,0,0,0,0,0,1,1,0,0,0,0,0,2,1,0,0,0,0,2,1,1,1,2,2,2,2
231,0,0,0,0,0,0,0,0,0,0,0,0,0,0,0,0,0,0,0,0,0,0,0,0,0,0,0,0,2,2,1,1,1,2,0,1,2,2,1,1,1,2,3
232,0,0,0,1,0,0,0,0,0,0,2,0,0,0,0,0,0,1,0,0,0,0,0,0,1,0,0,0,0,0,2,1,0,2,0,1,1,2,2,0,1,2,2
233,0,0,0,0,0,0,0,0,0,0,0,0,0,0,0,0,0,2,0,0,0,0,0,0,1,0,0,0,1,0,1,1,0,2,0,1,2,2,1,2,1,2,1
234,0,0,0,0,0,0,0,0,0,0,0,0,0,0,0,0,0,0,0,0,0,0,0,0,0,2,1,0,0,0,2,0,1,2,1,1,1,1,2,2,1,2,0
235,0,0,0,0,0,0,0,0,0,0,0,0,0,0,0,0,0,0,0,0,0,0,1,0,2,0,0,0,0,2,1,1,1,2,0,0,1,2,1,1,2,2,4
236,0,0,0,0,0,0,0,0,0,0,0,0,0,0,0,0,1,0,0,1,0,0,0,1,0,1,2,0,0,0,2,0,2,1,0,0,2,1,0,2,1,2,1
237,0,0,0,0,0,0,0,0,0,2,0,0,0,0,0,0,1,1,0,0,0,1,0,2,1,0,0,0,2,0,1,2,0,0,0,2,1,2,1,0,0,0,0
238,0,0,2,0,0,0,0,0,0,1,0,0,0,0,0,0,1,0,0,0,0,0,0,1,0,0,2,0,0,0,2,0,0,2,0,0,1,1,2,1,1,2,4
239,0,0,0,0,0,0,0,0,0,0,0,0,1,0,0,2,0,0,0,2,0,0,1,0,0,0,1,0,0,2,0,2,0,1,1,0,1,0,2,0,1,2,4
240,0,0,0,0,0,0,0,0,0,0,0,0,1,0,0,0,1,0,0,2,0,0,0,1,0,0,2,0,0,0,2,2,0,1,1,0,0,2,1,0,1,2,2
241,0,0,0,0,0,0,0,0,0,0,0,0,1,0,0,0,0,0,0,2,0,0,0,0,0,0,2,0,0,1,0,2,1,1,0,0,2,1,1,2,1,2,3
242,0,0,0,0,0,0,0,0,0,0,0,0,1,0,0,1,0,0,0,2,0,0,2,0,0,0,2,0,0,1,1,0,1,2,0,0,1,2,0,2,1,0,4
243,0,0,0,0,0,0,0,0,0,0,0,0,0,0,0,0,0,1,0,0,2,0,0,0,1,0,0,1,1,0,2,1,0,0,2,2,1,1,2,0,0,2,3
244,0,0,0,0,0,0,0,0,0,0,0,0,2,0,0,0,0,0,0,1,0,0,0,0,1,0,1,0,0,0,1,2,0,2,1,0,1,2,2,0,1,2,3
245,0,0,0,0,0,0,0,0,0,0,0,0,0,1,0,0,0,0,0,0,2,0,0,0,0,1,0,2,2,0,0,1,2,0,1,1,0,1,2,2,0,1,4
246,0,0,0,0,0,0,0,0,0,0,0,0,2,0,0,0,0,0,0,2,2,0,0,0,1,0,1,2,0,0,0,1,0,1,1,0,1,0,2,0,2,1,3
247,0,0,0,0,0,0,0,0,0,0,0,2,0,0,0,0,2,0,1,0,0,0,0,1,0,2,0,0,0,1,2,0,1,0,0,2,2,1,0,1,0,1,2
248,0,0,0,0,0,0,0,0,0,0,0,0,0,0,2,0,0,0,0,0,0,1,0,0,1,0,0,0,2,1,1,2,2,0,0,2,1,2,1,1,0,0,2
249,0,0,0,0,0,0,0,0,0,0,0,0,2,0,0,0,2,0,0,1,0,0,0,1,0,0,1,0,0,0,2,2,0,1,0,0,1,2,1,1,2,0,4
250,0,0,0,0,0,0,0,0,0,0,0,0,0,0,1,0,0,0,0,0,0,1,2,0,0,0,0,0,2,1,0,2,0,0,1,2,2,1,2,0,1,1,1
251,2,0,0,0,0,0,0,2,0,0,0,0,0,0,1,0,0,0,0,0,0,1,0,0,1,0,0,0,2,0,0,2,0,0,0,1,1,2,2,1,1,0,2
252,0,0,0,0,0,0,0,0,0,1,0,2,0,0,0,0,2,0,2,0,0,0,0,1,0,1,0,0,0,0,1,2,1,0,0,0,2,1,1,2,0,0,3
253,0,0,0,0,0,0,0,0,1,0,0,0,0,0,0,1,0,0,0,0,0,0,1,2,0,0,0,0,2,2,1,0,0,2,0,1,1,2,2,0,1,0,1
254,0,0,1,0,0,0,0,0,0,2,0,0,0,0,0,1,1,0,0,0,0,0,1,1,0,0,0,0,0,2,2,0,0,2,0,0,1,2,2,0,1,0,3
255,0,0,0,0,0,0,0,0,0,0,0,0,0,0,0,0,0,0,0,0,0,0,0,0,2,0,1,0,1,1,2,1,0,2,0,2,1,2,2,0,1,1,2
256,0,0,0,0,0,0,0,0,0,0,0,0,0,0,0,0,0,2,0,0,0,0,1,2,1,0,0,0,0,2,1,1,0,2,0,1,1,2,2,0,1,0,2
257,0,0,0,0,0,0,0,0,0,1,0,0,0,0,0,0,1,0,1,0,0,0,0,2,0,1,0,0,2,0,2,0,2,2,0,1,0,1,0,2,1,0,1
258,0,0,0,0,0,0,0,0,0,0,0,0,0,0,0,0,0,2,0,0,0,0,0,0,1,2,0,0,0,0,2,2,1,2,0,1,0,1,2,1,1,1,4
259,0,0,0,0,0,0,0,0,0,0,0,0,0,0,0,0,0,2,0,0,0,0,0,0,1,2,1,0,0,0,2,1,1,2,0,0,0,1,2,2,1,1,4
260,0,0,0,0,0,0,0,0,0,0,0,0,2,0,0,0,0,0,0,1,0,0,0,0,0,0,2,0,0,0,2,0,2,1,1,1,0,1,1,2,2,1,1
261,0,0,0,0,0,0,0,0,0,0,0,0,0,2,0,0,0,0,0,0,1,0,0,0,0,0,0,1,1,0,2,0,0,0,1,1,1,2,2,1,2,2,2
262,0,0,0,0,1,0,0,0,0,0,0,2,0,0,0,0,0,0,2,0,0,1,0,0,0,2,0,0,2,0,1,0,1,0,0,1,1,1,2,2,0,0,2
263,0,0,0,0,0,0,0,2,0,0,0,1,0,0,2,0,0,0,1,0,0,1,0,2,0,1,0,0,1,0,1,0,2,0,0,2,0,1,0,2,0,0,4
264,0,0,0,0,0,0,0,0,0,0,0,0,0,0,0,0,2,0,0,0,0,1,0,1,0,0,1,0,2,0,1,0,2,1,0,2,2,1,0,2,1,0,5
265,0,0,2,0,0,0,0,0,0,2,0,0,0,0,0,0,1,0,0,0,0,0,0,1,0,1,0,0,0,0,2,0,2,1,0,2,0,1,0,2,1,1,5
266,0,0,0,0,0,0,0,0,0,0,0,0,0,0,0,0,0,0,0,0,0,1,0,2,1,0,0,0,2,0,1,1,2,0,0,1,1,2,2,2,1,0,3
267,0,0,0,0,0,0,0,0,0,0,1,0,0,0,0,0,0,2,1,0,0,0,0,0,2,1,0,0,1,1,0,2,2,0,0,1,2,0,1,2,0,0,3
268,0,2,0,0,0,0,0,0,1,0,0,0,0,0,0,1,0,0,0,0,0,0,1,0,2,0,0,0,2,2,0,1,0,0,0,1,2,2,1,0,1,0,4
269,0,0,0,0,0,0,0,0,0,0,0,0,0,0,0,0,1,0,0,0,0,1,0,2,2,0,0,0,2,0,2,1,0,0,0,1,2,2,1,1,1,0,6
270,0,1,0,0,0,0,0,0,1,0,0,0,0,0,0,1,0,0,0,0,0,0,2,0,1,0,0,0,0,2,2,2,0,0,2,0,1,2,1,0,0,1,0
271,0,0,0,0,0,0,0,0,0,0,0,0,0,0,0,0,0,0,0,0,1,0,1,1,2,0,0,1,0,2,2,1,0,0,2,0,2,1,2,0,0,1,1
272,0,0,0,0,0,0,0,0,0,0,0,0,0,0,2,0,0,1,0,0,0,1,0,0,2,0,0,0,2,0,1,2,0,0,2,1,2,1,1,0,0,1,2
273,0,1,0,0,0,0,0,0,2,0,0,0,0,0,0,1,0,2,0,0,0,0,1,0,1,0,0,0,0,1,0,2,0,0,2,0,2,2,1,0,0,1,5
274,0,0,0,0,0,0,0,0,0,0,0,0,0,2,0,0,0,0,0,0,1,0,0,0,0,0,0,2,2,1,0,0,1,0,1,1,2,2,1,2,0,1,3
275,0,0,0,0,0,0,0,0,0,1,2,0,0,0,0,0,2,1,0,0,0,0,0,2,1,0,0,1,0,0,2,1,0,0,2,0,0,1,2,0,0,1,0
276,0,0,0,2,0,0,0,0,0,0,1,0,0,0,0,0,0,2,0,0,0,0,0,1,2,0,0,0,0,0,1,1,0,0,2,1,2,1,2,0,0,1,2
277,0,0,0,0,0,0,0,0,0,1,0,0,0,0,0,0,2,0,0,0,0,2,0,1,0,0,0,0,1,0,2,0,1,0,2,2,0,1,0,2,1,1,4
278,0,0,0,0,0,0,0,0,0,0,1,0,0,0,0,0,0,1,0,0,0,0,0,0,2,1,0,0,2,0,0,1,2,0,2,1,0,2,2,1,0,1,0
279,0,0,0,0,0,0,0,0,0,0,0,0,0,0,0,0,0,0,0,1,0,0,0,2,0,0,1,1,0,2,1,0,0,1,2,2,2,1,0,0,2,1,5
280,0,0,0,0,0,0,0,0,0,0,0,0,0,0,1,0,0,0,0,0,0,1,0,0,1,0,0,0,2,0,1,2,0,0,2,2,1,2,1,0,2,1,3
281,0,0,0,0,0,0,0,0,0,0,0,0,0,0,0,2,0,0,0,0,0,0,1,1,2,0,0,0,0,1,1,1,0,0,2,0,2,2,1,0,2,1,3
282,0,0,0,0,0,0,0,0,0,0,0,0,0,0,0,0,0,0,0,2,0,0,0,1,0,0,1,1,0,0,2,2,0,2,2,0,1,1,2,0,1,1,1
283,0,0,0,0,0,0,0,0,0,0,0,0,0,0,0,0,0,0,0,0,0,2,0,1,0,0,0,0,1,1,2,2,0,1,0,1,1,2,2,2,1,2,1
284,0,0,0,0,0,0,0,0,0,0,0,0,0,0,0,1,1,0,0,0,0,0,1,2,0,0,2,0,0,2,1,0,2,1,0,2,1,2,0,2,1,0,1
285,0,0,0,0,0,0,0,0,0,0,0,0,2,0,0,0,0,0,0,2,0,0,0,1,0,0,2,0,0,1,1,2,0,1,0,2,1,2,1,0,1,2,5
286,0,0,0,0,0,0,0,0,0,0,2,0,0,0,0,1,0,2,0,0,0,0,2,0,1,0,2,0,0,1,2,1,0,1,0,0,2,1,2,0,1,0,5
287,0,0,0,0,0,0,0,0,0,1,2,0,0,0,0,0,2,1,0,0,0,0,0,1,2,0,0,0,0,0,1,2,0,1,0,0,2,1,2,0,1,2,1
288,0,0,0,2,0,0,0,0,0,0,2,0,0,0,2,0,0,1,0,0,0,1,0,0,2,0,0,0,2,0,0,1,0,1,0,2,1,1,2,0,1,0,6
289,0,0,0,0,0,0,0,0,0,0,0,0,0,0,0,0,0,0,0,0,0,1,2,0,0,0,2,0,1,1,2,0,0,1,0,2,1,2,2,1,1,2,0
290,0,0,0,0,0,0,0,0,0,0,0,0,0,0,1,0,0,2,0,0,0,2,0,0,2,0,0,0,1,0,2,1,1,1,0,2,0,1,2,2,1,0,2
291,0,0,0,0,0,0,0,2,0,0,0,0,0,0,1,0,0,0,2,0,0,1,0,0,0,1,0,0,1,0,1,2,2,0,0,2,0,1,1,2,0,2,2
292,0,0,0,2,0,0,0,0,0,0,2,0,0,0,0,0,0,1,2,0,0,0,0,0,1,1,0,0,1,1,0,2,2,0,0,2,1,0,1,2,0,0,1
293,0,0,0,0,0,0,0,0,2,0,0,0,0,0,0,1,1,0,0,0,0,0,1,2,0,0,0,0,2,2,1,0,0,0,1,2,2,1,0,0,2,1,6
294,0,0,0,0,0,0,0,0,0,1,0,0,0,0,0,0,1,2,0,0,0,0,2,2,2,0,0,0,0,1,2,1,0,0,1,0,2,1,2,0,0,1,1
295,0,0,0,1,0,0,0,0,0,0,2,0,0,0,0,0,0,2,0,0,0,0,0,2,2,0,0,2,0,0,1,1,0,0,1,2,0,1,2,1,0,1,4
296,0,0,0,0,0,0,0,0,0,0,0,0,0,0,0,0,0,1,0,0,0,0,2,0,1,0,0,2,0,2,0,2,1,0,1,1,2,1,2,2,0,1,1
297,0,0,0,0,0,0,0,0,0,0,2,0,0,0,0,0,0,1,0,0,0,0,0,0,1,0,0,2,0,0,2,2,1,0,1,2,2,1,2,1,0,1,4
298,0,0,0,0,0,0,0,0,0,0,0,0,0,0,0,0,1,0,0,0,0,0,2,1,2,0,0,0,0,1,2,2,0,1,1,0,2,2,1,0,2,1,3
299,0,0,2,0,0,0,0,0,0,2,0,0,0,0,0,0,1,0,0,0,0,0,0,1,0,0,0,0,2,0,2,2,0,1,1,2,0,1,1,0,2,1,5
300,0,0,0,0,0,0,0,0,0,0,1,0,0,0,0,0,0,2,0,0,0,2,0,0,1,0,0,2,2,0,0,1,0,1,1,2,1,0,2,0,2,1,0
301,0,0,0,0,0,0,0,0,0,0,0,0,0,0,0,0,0,0,0,0,0,0,0,1,0,0,1,0,0,1,2,2,1,2,1,0,2,1,2,2,2,1,0
302,0,0,0,0,0,0,0,0,0,0,0,0,0,0,0,0,0,2,0,1,0,0,0,0,2,0,2,0,0,0,1,2,0,2,1,0,2,1,1,1,2,1,3
303,0,2,0,0,0,0,0,0,2,0,0,0,0,0,0,2,0,2,0,0,0,0,1,0,1,1,0,0,0,1,0,1,2,0,0,0,2,0,1,1,2,0,4
304,0,0,0,0,0,0,0,0,0,0,2,0,0,0,0,2,0,2,0,0,0,0,1,0,1,0,1,0,1,1,0,2,0,2,0,1,2,0,1,0,2,0,0
305,0,0,0,2,0,0,0,0,0,0,1,0,0,0,0,0,0,1,0,0,0,0,2,0,2,0,1,0,0,2,1,1,0,2,0,0,1,2,1,0,2,0,2
306,0,0,0,2,0,0,0,0,0,0,1,0,0,0,0,0,0,1,0,0,0,0,0,0,1,1,0,0,2,0,2,2,1,0,0,2,0,1,1,2,0,2,2
307,0,0,0,0,0,0,0,0,0,0,0,0,0,0,0,0,1,0,0,2,0,0,0,2,0,0,1,0,1,0,2,0,1,2,0,2,1,1,0,2,1,2,3
308,0,0,0,0,0,0,0,0,0,0,2,0,0,0,0,0,0,1,0,0,0,0,1,1,2,0,0,0,1,2,2,2,0,0,0,1,1,2,1,0,2,0,0
309,0,0,0,0,0,0,0,0,0,0,0,0,0,0,1,0,0,0,0,2,0,2,0,0,2,0,1,0,1,0,0,1,0,1,0,2,1,1,2,2,2,0,6
310,0,0,0,0,0,0,0,0,0,0,0,0,2,0,0,0,0,0,2,2,0,0,0,0,0,1,1,0,0,1,2,0,2,1,0,1,2,1,0,1,2,0,2
311,0,0,0,0,0,0,0,1,0,0,0,0,0,0,1,0,0,0,0,0,0,2,0,1,0,0,0,0,2,1,2,2,0,0,0,1,2,1,1,2,2,0,5
312,0,0,0,0,0,0,0,0,0,0,0,0,0,0,0,0,2,0,0,0,2,2,0,1,0,0,0,1,2,0,1,2,0,0,2,1,2,1,1,0,0,1,0
313,0,0,0,0,0,0,0,0,0,0,0,0,0,0,0,0,0,0,0,0,2,0,1,0,0,0,0,1,0,1,0,2,2,0,2,1,2,2,1,1,2,1,5
314,0,0,0,0,0,0,0,0,0,0,0,0,0,0,0,0,1,0,0,0,2,0,0,2,2,0,0,1,0,0,1,1,1,0,2,2,0,1,2,2,0,1,1
315,0,0,2,0,0,0,0,0,0,1,0,0,0,0,0,0,1,0,0,0,0,0,0,1,0,2,0,1,0,0,2,0,2,0,2,0,1,2,0,2,1,1,4
316,0,0,0,0,0,0,0,0,0,0,1,0,0,0,0,0,0,2,0,0,2,0,0,0,1,0,0,1,0,2,0,1,0,0,2,0,2,1,2,2,1,1,4
317,0,0,0,0,0,0,0,0,0,0,0,0,0,0,0,0,0,0,0,0,0,0,2,1,0,0,0,1,0,2,2,0,1,1,2,0,1,1,2,2,2,1,4
318,0,0,0,0,0,0,0,0,0,0,0,0,0,0,0,0,0,2,0,0,0,0,0,0,1,2,0,1,0,0,2,2,1,1,2,0,0,1,2,1,2,1,4
319,0,0,0,0,0,0,0,0,0,0,0,0,0,0,0,0,0,1,0,0,0,0,1,2,2,0,0,0,2,2,1,1,0,0,0,1,1,2,1,0,2,2,3
320,0,0,0,0,0,0,0,0,0,0,0,0,0,0,0,1,0,0,0,2,0,1,2,0,0,0,1,0,2,2,1,0,0,1,0,2,2,1,0,2,1,0,0
321,0,0,0,0,0,0,0,0,0,0,0,0,0,0,0,0,0,0,1,2,0,1,0,2,0,2,1,0,2,0,2,0,1,1,0,2,0,1,0,2,1,0,2
322,0,0,1,0,0,0,0,0,0,2,0,0,0,0,0,0,2,0,0,0,0,0,0,2,2,0,0,1,0,0,1,1,0,0,1,0,1,2,1,0,2,2,3
323,0,0,2,0,0,0,0,0,0,1,0,0,0,0,0,2,2,0,0,0,0,0,2,1,0,0,0,0,1,1,1,0,0,0,0,2,2,1,0,1,2,0,4
324,0,0,1,0,0,0,0,0,0,1,0,0,0,0,1,0,1,0,0,0,0,2,0,2,0,0,0,0,2,2,1,0,0,0,0,2,2,1,2,1,0,0,1
325,0,0,0,0,0,0,0,1,0,0,0,0,0,0,1,0,0,0,0,0,0,2,0,2,0,0,0,0,2,0,1,0,2,0,0,1,2,1,1,1,2,2,4
326,0,0,0,0,0,0,0,0,0,0,0,1,0,0,0,0,0,0,1,1,0,0,0,2,0,2,2,0,0,0,1,0,1,2,0,0,1,1,2,2,2,0,6
327,0,0,0,0,0,0,0,0,0,0,2,0,0,0,0,0,0,2,0,0,2,0,0,0,1,0,0,1,2,0,1,2,0,0,1,1,0,2,1,2,0,1,1
328,0,0,0,0,0,0,0,0,0,0,0,0,0,2,0,0,0,2,0,0,2,2,0,0,1,0,0,1,2,2,0,1,0,0,1,1,1,0,2,0,0,1,0
329,0,0,0,0,0,0,0,0,0,0,1,0,0,0,2,0,0,1,0,0,0,1,0,2,2,0,0,0,1,0,2,1,0,0,0,1,0,2,2,1,0,2,2
330,0,0,0,0,0,0,0,0,0,2,0,0,0,0,0,0,1,0,0,0,0,0,0,1,0,0,0,0,0,1,2,0,2,2,0,1,1,1,2,2,1,2,3
331,0,0,0,0,0,0,0,0,0,1,0,0,0,0,0,0,2,0,0,0,0,0,2,1,0,0,0,0,2,1,2,1,0,0,0,1,2,1,2,0,1,2,5
332,0,0,0,0,0,0,0,0,0,0,0,0,0,0,1,0,0,2,0,0,0,2,1,0,1,0,0,0,1,2,2,2,0,0,0,2,1,2,1,0,1,0,2
333,0,0,0,0,0,0,0,0,0,0,0,0,0,0,0,0,0,1,0,0,0,0,1,2,2,0,2,0,0,2,1,1,0,2,0,2,1,1,2,0,1,0,1
334,0,0,2,0,0,0,0,0,0,1,2,0,0,0,0,0,1,1,0,0,0,0,0,2,1,0,0,0,0,0,1,2,0,2,0,0,1,2,2,0,1,0,0
335,0,0,0,0,0,0,0,1,0,0,2,0,0,0,2,0,0,1,0,0,0,2,0,0,1,0,2,0,1,0,0,1,0,2,0,1,0,0,2,0,1,2,0
336,0,0,0,0,0,0,0,0,0,0,0,0,2,0,0,0,0,1,0,1,0,0,0,0,1,0,2,0,0,0,2,2,0,1,0,0,1,1,2,1,2,2,1
337,0,0,0,0,0,0,0,0,0,0,1,0,0,0,0,0,0,1,0,0,0,2,0,1,2,0,0,0,2,2,2,1,0,0,0,1,2,1,2,0,1,0,0
338,0,0,0,0,0,0,0,2,0,0,1,0,0,0,2,0,0,1,0,0,0,1,0,0,2,0,2,0,2,0,0,1,0,2,0,1,0,2,1,0,1,0,0
339,0,0,0,1,0,0,0,0,0,0,2,0,0,0,0,0,2,1,0,0,0,0,0,1,1,0,2,0,0,0,2,2,0,2,0,0,1,1,2,0,1,0,1
340,0,0,0,1,0,0,0,0,2,0,1,0,0,0,0,2,0,2,0,0,0,0,1,0,2,0,0,0,0,1,0,1,0,2,0,0,1,0,2,0,1,2,0
341,0,0,0,1,0,0,0,0,0,0,1,0,0,0,0,0,0,2,0,0,0,0,2,1,1,0,0,0,0,2,2,1,0,2,0,0,2,1,2,0,1,0,1
342,0,0,0,0,0,0,0,0,2,0,0,0,0,0,0,2,0,2,0,0,0,0,1,0,2,0,0,0,1,2,0,1,2,0,0,1,1,0,2,1,1,0,0
343,0,0,0,0,0,0,0,0,0,0,2,0,0,0,0,0,0,2,0,0,0,0,0,0,2,0,0,0,1,2,0,1,2,0,0,1,1,2,1,1,1,2,3
344,0,0,0,0,0,0,0,0,2,0,2,0,0,0,0,2,0,2,0,0,0,0,1,0,1,0,0,0,2,1,0,2,0,0,0,1,1,0,2,1,1,0,4
345,0,0,0,0,0,0,0,0,0,0,0,0,0,0,0,0,1,1,0,0,0,0,0,2,2,2,0,0,0,0,1,1,2,0,0,0,2,2,1,1,1,2,0
346,0,0,0,0,0,0,0,0,1,0,0,0,0,0,0,2,0,2,0,0,0,0,2,0,1,0,0,0,2,1,0,1,1,0,0,2,2,0,1,2,1,0,2
347,0,0,0,0,0,0,0,0,0,0,1,0,0,0,0,0,0,2,0,0,0,0,0,1,2,2,0,0,0,0,1,2,1,0,0,2,1,2,1,2,1,0,2
348,0,0,0,0,0,0,0,0,0,0,1,0,0,0,0,1,0,2,0,0,0,0,2,0,1,0,0,0,0,2,0,2,1,0,0,1,1,2,2,2,1,0,2
349,1,0,0,0,0,0,0,1,0,0,0,0,0,0,1,0,0,0,0,0,1,2,0,0,0,0,0,2,1,0,0,2,2,0,2,1,0,0,1,2,0,2,1
350,0,0,0,0,0,0,0,0,2,0,0,0,0,0,0,1,0,1,0,0,1,0,1,0,1,0,0,2,0,1,0,2,0,0,2,0,2,2,1,0,0,2,0
351,0,0,0,0,0,0,0,0,0,0,0,0,0,0,0,0,0,0,0,0,1,2,0,0,0,0,0,2,1,1,2,0,1,0,2,2,1,1,1,2,0,2,1
352,0,0,0,0,0,0,0,0,0,0,0,0,0,0,0,0,0,1,0,0,0,0,0,0,1,2,0,0,2,1,0,2,1,0,0,2,2,2,1,1,1,2,1
353,0,0,0,0,0,0,0,0,0,0,0,0,0,0,0,0,1,0,0,0,0,0,2,1,0,1,0,0,0,1,2,0,2,0,0,1,1,2,2,2,1,2,2
354,0,0,0,0,0,0,0,0,0,0,0,0,0,0,0,0,0,0,0,0,0,0,0,0,2,1,0,0,0,2,1,1,1,2,0,2,1,1,2,2,1,2,2
355,0,0,0,0,0,0,0,0,0,0,0,1,0,0,0,0,0,0,2,0,0,0,0,2,1,1,0,0,1,0,1,2,2,0,0,2,0,1,2,2,1,0,3
356,0,0,0,0,0,0,0,0,0,2,0,1,0,0,0,0,1,0,1,0,0,0,0,1,0,2,0,0,0,0,2,0,1,0,0,2,2,1,2,2,1,0,1
357,0,0,1,0,0,0,0,0,0,1,0,0,0,0,0,2,1,0,0,0,0,0,1,2,0,0,0,0,2,2,2,0,0,0,0,2,1,1,0,2,0,1,0
358,0,0,0,0,0,0,0,0,0,0,2,0,0,0,0,0,0,1,0,0,1,2,0,0,1,0,0,2,2,1,0,2,0,0,1,1,1,0,2,0,0,2,0
359,2,0,0,0,0,0,0,1,0,0,0,0,0,0,2,0,0,0,0,0,0,2,0,2,0,0,0,0,1,2,1,1,0,0,0,1,2,1,2,0,0,1,3
360,0,0,0,0,0,0,0,0,0,0,0,0,0,0,0,1,0,0,0,0,0,0,2,1,0,0,0,0,0,1,2,1,2,0,0,2,1,2,1,2,2,1,2
361,0,0,0,0,0,0,0,0,1,0,0,0,0,0,0,2,0,0,0,0,0,0,2,0,1,0,0,0,0,2,1,2,0,0,2,1,1,1,2,0,2,1,3
362,1,0,0,0,0,0,0,2,0,0,0,0,0,0,1,0,0,1,0,0,0,2,0,0,2,0,0,0,1,0,0,1,0,2,0,1,2,0,2,0,2,1,1
363,0,0,0,0,0,0,0,0,1,0,2,0,0,0,0,2,0,1,0,0,0,0,2,0,2,0,0,0,2,1,0,1,0,0,2,1,1,0,2,0,0,1,4
364,0,0,0,0,0,0,0,0,0,0,0,0,0,0,0,0,0,1,0,0,0,0,2,0,2,0,0,0,1,2,0,1,0,2,0,1,1,1,2,2,2,1,0
365,0,0,0,0,0,0,0,0,0,0,0,0,0,0,0,2,0,0,0,0,1,2,1,0,0,0,0,2,2,1,0,0,0,0,1,2,1,1,2,1,0,2,0
366,0,0,0,0,0,0,0,0,0,0,2,0,0,0,0,1,0,1,0,0,0,0,2,0,1,0,0,0,2,1,0,2,0,0,0,1,2,0,1,2,2,1,5
367,0,0,0,0,0,0,0,0,0,0,1,0,0,0,0,2,0,1,0,0,0,1,1,0,2,0,0,0,2,2,0,2,0,0,0,2,1,0,1,2,0,1,0
368,0,0,0,0,0,0,2,0,0,0,0,0,0,2,0,0,0,0,0,0,1,0,0,0,2,0,0,2,1,0,0,2,1,0,1,1,0,1,2,1,0,2,3
369,0,0,0,1,0,0,0,0,0,2,2,0,0,0,0,0,1,1,0,0,0,0,0,2,1,0,0,0,0,0,1,2,0,0,2,0,1,2,2,0,0,1,0
370,0,0,0,0,0,0,0,0,0,0,0,0,0,0,2,0,0,0,0,0,0,2,0,2,0,0,0,0,1,1,1,0,2,2,0,1,1,2,0,1,2,1,6
371,0,0,0,0,0,0,0,0,0,1,0,0,0,0,0,0,2,0,0,0,0,0,0,2,0,0,0,0,2,0,1,1,2,0,2,1,0,2,1,1,2,1,3
372,0,0,0,0,0,0,0,0,0,2,0,0,0,0,0,0,1,2,0,0,0,0,0,2,1,0,0,0,0,2,1,2,0,0,0,0,2,1,1,1,2,1,0
373,0,0,0,0,0,0,0,0,2,0,0,0,0,0,0,2,0,1,0,0,0,0,2,0,2,0,0,0,1,1,0,1,0,0,0,2,1,0,2,1,2,1,1
374,0,0,0,0,0,0,0,0,0,0,0,0,0,0,0,0,0,1,0,0,0,2,0,2,1,0,0,0,1,0,1,2,0,0,2,1,0,2,2,1,2,1,3
375,0,0,0,2,0,0,0,0,0,0,1,0,0,0,0,0,2,2,0,0,0,0,0,1,1,0,0,0,0,0,2,1,0,0,0,2,1,2,2,1,0,1,6
376,0,0,0,0,0,0,0,0,0,1,0,0,0,0,0,0,2,0,0,0,0,2,0,1,0,0,0,0,2,2,1,0,1,0,0,1,2,1,2,2,0,1,4
377,0,1,0,0,0,0,0,0,1,0,0,0,0,0,0,2,0,0,0,0,0,0,2,0,2,0,0,0,1,2,0,2,1,0,0,2,1,0,1,2,0,1,2
378,0,0,0,0,0,0,0,0,0,0,0,0,0,0,0,2,0,0,0,0,0,0,2,1,0,0,0,0,2,1,2,0,1,0,2,1,1,2,1,2,0,1,1
379,1,0,0,0,0,0,0,2,0,0,0,0,0,0,2,0,0,0,0,0,0,2,0,0,0,0,0,2,1,0,0,1,1,0,2,1,0,1,2,2,0,1,1
380,0,0,0,0,0,0,0,0,0,0,0,0,0,0,0,0,0,2,0,0,0,2,0,2,2,2,0,0,1,0,1,1,1,0,0,1,0,1,2,2,0,1,2
381,0,0,0,0,0,0,0,0,0,0,2,0,0,0,0,0,1,2,0,0,0,0,0,1,1,0,0,0,0,0,2,1,1,0,0,0,2,1,2,2,2,1,4
382,0,0,0,0,0,0,0,2,0,0,0,0,0,0,1,0,0,0,0,0,0,2,0,0,0,2,0,0,1,2,1,0,1,0,0,2,1,2,0,1,2,1,3
383,0,0,0,0,0,0,0,0,0,0,0,0,0,0,0,0,2,1,0,0,0,0,0,2,2,2,0,0,0,0,1,1,1,2,0,0,0,1,2,1,2,1,5
384,0,0,0,0,0,0,0,0,0,2,0,0,0,0,2,0,2,0,0,0,0,1,0,1,0,1,0,0,2,0,1,0,2,0,0,2,0,1,1,2,0,1,4
385,0,0,0,0,0,0,0,0,0,0,0,0,0,0,0,0,0,2,0,0,0,1,0,0,1,1,0,0,2,0,0,1,2,0,0,1,2,1,2,2,2,1,4
386,0,0,0,0,0,0,0,0,1,0,0,0,0,0,0,2,0,0,0,0,0,0,1,0,1,1,0,0,0,2,0,1,2,0,2,0,2,1,2,2,0,1,3
387,0,0,0,0,0,0,0,0,0,0,2,0,0,0,0,0,0,1,0,0,0,2,0,0,2,1,0,0,1,0,0,2,1,0,2,2,0,1,1,2,0,1,2
388,0,0,0,0,0,0,0,0,0,0,0,0,0,0,0,0,1,0,1,0,0,1,0,2,0,2,0,0,2,2,1,0,2,0,0,2,1,1,0,2,0,1,0
389,0,0,0,0,0,0,0,0,0,0,2,0,0,0,0,0,0,2,1,0,0,1,0,0,1,2,0,0,2,0,0,2,1,0,0,1,0,0,2,1,2,1,0
390,0,0,0,0,1,0,0,0,0,0,0,2,0,0,0,2,0,0,1,0,0,0,1,0,0,2,0,0,0,2,0,2,1,0,0,2,1,0,1,2,0,1,0
391,0,0,0,0,0,0,0,0,0,0,1,0,0,0,0,0,1,2,0,0,0,0,0,2,1,0,0,0,0,0,2,1,0,0,2,2,1,2,2,0,1,1,1
392,0,0,0,2,0,0,0,0,0,0,1,0,0,0,0,0,0,1,0,0,0,0,0,0,2,0,0,0,0,1,2,2,0,0,0,2,1,2,1,2,1,1,1
393,0,0,0,0,0,0,0,0,0,0,0,0,0,0,0,0,0,0,0,0,2,0,2,0,0,0,0,2,1,1,2,0,0,0,2,2,1,1,2,1,1,1,6
394,0,2,0,0,0,0,0,0,1,0,0,0,0,0,0,2,0,0,0,0,0,0,1,0,2,1,0,0,0,2,0,2,1,0,0,0,1,0,2,2,1,1,3
395,0,0,0,0,0,0,0,0,1,0,0,0,0,0,0,2,0,0,0,0,0,0,1,0,2,1,0,0,0,2,0,2,1,0,0,0,2,1,2,2,1,1,3
396,0,0,0,0,0,0,0,0,0,1,0,0,0,0,0,0,2,0,2,0,0,0,0,2,0,1,0,0,0,0,2,2,1,0,2,0,0,1,2,1,1,1,3
397,0,0,0,0,0,0,0,0,0,0,0,0,2,0,0,0,0,0,0,1,0,0,0,0,2,0,1,0,1,0,2,2,0,2,0,1,1,1,2,0,1,2,3
398,0,0,0,0,0,0,0,0,0,0,0,0,0,0,0,0,1,0,0,0,0,0,0,1,2,0,2,0,1,0,2,1,0,1,0,2,2,1,2,0,2,1,6
399,0,0,0,0,0,0,0,0,0,0,0,0,0,0,1,0,0,0,0,0,0,2,0,1,0,0,2,0,2,2,2,0,0,1,0,1,1,2,0,1,2,1,4
400,0,0,0,0,0,0,0,0,0,1,0,0,0,0,0,2,2,0,0,0,0,0,1,2,0,0,0,0,2,1,2,1,0,0,0,1,1,1,2,0,2,0,3
401,0,0,0,0,0,0,0,0,0,0,0,0,0,0,1,0,1,0,0,0,0,2,0,2,2,0,0,0,2,0,1,2,0,1,0,2,0,1,2,0,1,1,3
402,0,0,0,0,0,0,0,0,0,0,2,0,0,0,0,0,2,2,0,0,0,0,0,1,1,0,2,0,0,0,1,2,0,1,0,0,2,1,2,0,1,1,2
403,0,0,0,1,0,0,0,0,0,0,2,0,0,0,0,0,0,1,0,0,0,0,0,0,1,0,2,0,2,0,0,2,0,1,2,2,0,1,2,0,1,1,1
404,0,0,0,0,0,0,0,0,0,1,0,0,0,0,0,0,2,0,0,0,0,0,0,1,0,0,0,0,0,2,2,2,1,1,0,0,2,1,2,2,1,1,5
405,0,0,0,0,0,0,0,0,0,0,0,0,0,0,0,0,0,0,2,0,0,0,2,0,0,1,0,0,2,2,2,0,1,1,0,2,1,1,0,2,1,1,1
406,0,0,0,0,0,0,0,0,0,0,0,0,0,0,2,0,0,0,0,0,0,1,0,1,0,0,1,0,1,0,2,2,0,2,0,2,0,1,2,1,2,1,4
407,0,0,0,0,0,0,0,0,0,0,0,0,0,0,0,0,0,0,0,0,0,0,0,0,0,2,1,0,1,0,0,1,1,2,2,2,2,1,1,2,2,1,2
408,0,0,0,0,0,0,0,0,0,0,0,0,0,0,0,2,0,0,0,2,0,0,1,2,0,0,1,0,0,2,2,0,1,1,0,0,2,1,0,2,1,1,0
409,0,0,0,0,0,0,0,0,0,0,0,0,0,0,0,0,0,0,0,1,0,0,0,0,2,2,2,0,1,0,0,1,2,2,0,1,2,0,1,1,2,1,0
410,0,0,0,0,0,0,0,1,0,0,0,0,0,0,1,0,0,0,0,1,0,2,0,0,0,0,1,0,2,0,0,2,0,2,0,1,0,1,2,2,2,1,5
411,0,0,0,0,0,0,0,0,0,0,0,0,2,0,0,0,0,0,0,1,0,0,0,0,2,0,1,0,0,0,2,1,0,1,0,1,2,1,2,1,2,2,4
412,0,0,0,0,0,0,0,0,0,0,0,0,0,0,0,0,2,0,0,0,1,0,0,1,1,0,0,1,0,0,1,2,0,2,2,2,0,1,2,0,1,2,3
413,0,2,0,2,0,0,0,0,1,0,1,0,0,0,0,2,0,1,0,0,0,0,1,0,2,0,0,0,2,1,0,1,0,0,0,1,2,0,2,0,0,0,2
414,0,0,0,0,0,0,0,0,0,0,0,0,0,0,0,2,0,0,0,0,0,2,1,0,1,0,0,0,1,1,0,2,1,0,2,2,1,0,1,2,0,2,4
415,0,0,0,0,0,0,0,0,0,0,0,0,0,0,0,0,0,0,2,0,1,0,0,2,0,1,0,1,0,0,1,0,1,0,2,2,0,1,2,2,2,1,3
416,0,0,0,0,0,0,0,0,0,0,0,0,0,2,0,0,0,2,0,0,1,0,0,0,2,0,0,1,0,0,2,1,0,0,2,0,2,1,2,1,1,1,2
417,0,0,0,0,0,0,0,0,1,0,0,0,0,2,0,2,0,0,0,0,1,0,1,0,0,0,0,1,0,1,0,2,0,0,1,0,2,2,1,2,0,2,4
418,0,0,0,0,0,0,0,0,0,0,0,0,0,2,0,0,1,0,0,0,1,0,2,2,0,0,0,1,0,1,2,2,0,0,1,0,1,2,1,0,0,2,3
419,0,0,0,0,0,0,0,0,0,0,0,0,0,2,0,0,2,1,0,0,1,0,0,2,2,0,0,1,0,0,1,1,0,0,1,0,2,2,1,0,0,2,2
420,0,0,0,0,0,0,0,0,0,0,0,0,0,2,0,0,0,2,0,0,1,0,0,0,2,0,0,1,2,0,0,1,0,0,1,1,1,0,2,2,1,2,4
421,0,0,0,0,0,0,0,0,0,0,0,0,1,0,0,0,1,0,0,2,0,0,0,2,2,0,2,0,0,0,1,2,0,1,0,1,2,1,1,0,2,0,4
422,0,0,0,0,0,0,0,0,0,1,2,0,0,0,0,0,1,2,0,0,0,0,1,2,2,0,0,0,0,1,2,1,0,0,0,1,2,2,1,0,0,0,3
423,0,0,2,0,0,0,0,0,0,1,0,0,0,0,2,0,1,0,0,0,0,2,0,1,0,0,0,0,1,0,2,1,0,0,0,2,0,1,1,2,2,0,0
424,0,0,0,0,0,0,0,0,0,0,2,0,0,0,0,0,2,2,0,0,0,0,0,1,1,0,0,0,1,0,1,2,0,1,0,2,2,1,1,0,2,0,5
425,0,0,0,0,0,0,0,0,0,0,0,0,0,0,0,0,1,0,0,0,0,0,0,1,2,0,0,0,2,0,2,1,2,1,0,1,0,1,2,1,2,2,2
426,0,0,0,0,0,0,0,0,0,0,0,0,0,0,0,2,0,2,0,0,0,0,1,0,2,0,0,0,1,1,0,2,1,1,0,1,2,0,1,2,2,0,3
427,0,0,0,0,0,0,0,0,0,0,0,0,0,0,0,0,0,0,0,0,0,0,0,1,0,2,2,0,0,2,1,2,1,1,0,1,1,2,1,2,2,0,5
428,0,0,0,0,0,0,0,0,0,2,0,0,1,0,0,0,1,0,0,2,0,0,0,1,0,0,1,0,0,0,2,0,1,2,0,0,1,2,0,2,1,2,3
429,0,0,0,0,0,0,0,0,2,0,0,0,0,0,0,1,0,0,0,0,0,0,2,1,0,2,0,0,0,1,1,2,1,0,0,1,2,2,2,1,0,0,2
430,0,0,0,0,0,0,0,2,0,0,0,0,0,0,2,0,0,0,0,0,0,1,0,1,0,0,0,0,1,0,2,1,1,0,0,1,2,2,2,1,0,2,2
431,0,0,0,0,0,0,0,0,0,0,0,0,0,0,0,0,0,2,0,0,0,0,1,1,1,2,0,0,0,2,2,2,1,0,0,0,2,1,1,1,2,0,4
432,0,1,0,1,0,0,0,0,2,0,2,0,0,0,0,2,0,2,0,0,0,0,2,0,1,0,0,0,2,1,0,1,0,0,0,1,2,0,1,0,0,0,6
433,0,0,0,0,0,0,0,0,0,0,0,0,0,1,0,0,0,0,0,0,2,0,0,0,2,1,0,2,1,0,0,1,2,0,1,2,0,1,2,2,0,1,3
434,0,0,0,0,0,0,0,0,0,0,0,0,0,0,0,0,1,0,0,0,0,0,2,1,1,0,0,0,1,2,2,2,0,0,1,1,2,2,1,0,0,2,1
435,0,0,0,0,0,0,0,1,0,0,2,0,0,0,1,0,0,2,0,0,0,2,0,0,1,0,0,2,2,0,0,1,0,0,1,1,1,0,2,0,0,2,6
436,0,0,0,0,0,0,0,0,2,0,0,0,0,0,0,1,0,1,0,0,0,0,1,0,2,0,0,0,0,1,0,1,2,0,1,0,2,2,1,2,0,2,2
437,0,0,0,2,0,0,0,0,0,0,2,0,0,0,0,0,0,1,0,0,0,1,0,0,2,0,0,2,1,0,1,1,0,0,1,2,0,2,1,0,0,2,0
438,0,0,0,0,0,0,0,0,0,0,1,0,0,0,0,0,2,1,0,0,0,0,0,1,2,0,0,0,0,1,2,2,0,0,1,2,1,2,1,0,0,2,2
439,0,0,0,0,0,0,0,0,1,0,0,0,0,0,0,2,0,0,0,0,0,0,2,0,0,0,0,0,0,1,2,2,0,0,1,1,2,1,1,1,2,2,3
440,0,0,0,0,0,0,0,0,1,0,0,0,0,0,0,2,0,0,0,0,0,0,1,2,0,0,0,0,0,2,1,2,0,0,1,0,2,1,1,1,2,2,2
441,0,0,0,0,0,0,0,0,0,0,0,0,0,0,0,0,0,1,0,0,0,0,1,0,2,0,0,2,0,2,2,1,0,0,1,0,1,1,2,1,2,2,1
442,0,0,0,0,0,0,0,0,0,0,0,0,0,0,0,0,1,0,0,0,0,0,0,2,0,1,0,2,0,0,2,0,1,0,1,1,1,2,1,2,2,2,3
443,0,0,1,0,0,0,0,0,0,2,0,0,0,0,0,0,1,0,0,0,0,0,0,2,0,0,0,2,2,0,1,0,0,0,1,1,1,2,0,2,1,2,4
444,0,0,0,0,0,0,0,0,0,0,2,0,0,0,0,0,1,2,0,0,0,0,0,2,1,0,0,0,0,0,2,1,0,2,1,1,0,2,1,0,1,2,5
445,0,0,0,0,0,0,0,0,0,0,1,0,0,0,0,0,0,1,0,0,2,0,0,0,2,0,0,2,0,0,2,1,0,0,1,2,1,2,1,0,1,2,6
446,0,0,0,0,0,0,0,0,0,0,0,0,0,0,0,0,0,0,0,0,0,2,2,0,2,0,0,0,1,2,0,1,0,0,1,1,1,2,2,1,1,2,5
447,0,0,0,0,0,0,0,0,0,0,0,0,0,0,0,0,0,0,0,0,0,0,0,0,1,0,0,0,2,0,1,2,1,2,1,2,2,2,1,1,1,2,2
448,0,0,0,0,0,0,0,0,0,0,0,0,0,0,0,0,0,0,0,0,0,0,2,0,1,1,0,0,0,1,0,2,2,0,1,2,1,1,2,2,1,2,2
449,0,0,0,0,2,0,0,0,0,0,0,1,0,0,0,0,0,0,1,0,0,0,1,0,0,2,0,0,0,2,0,0,1,2,1,0,1,0,2,2,1,2,3
450,0,0,0,0,0,0,0,0,0,0,0,0,0,0,0,0,2,0,0,0,0,0,0,1,0,0,0,2,0,0,2,2,0,1,1,2,1,1,1,2,1,2,5
451,0,0,0,0,0,0,0,0,0,0,0,0,0,0,0,0,2,0,0,0,0,0,0,1,2,0,0,0,0,0,2,1,2,1,1,2,0,2,1,1,1,2,3
452,0,0,0,0,0,0,0,0,0,0,0,0,0,0,0,0,0,0,0,0,0,2,0,0,0,2,0,2,1,0,2,0,1,1,1,2,1,2,0,1,1,2,5
453,0,0,0,0,0,0,0,0,0,0,0,0,0,0,0,0,0,0,0,1,0,0,0,0,0,2,2,2,0,0,1,0,1,2,1,1,2,1,0,2,1,2,1
454,0,0,0,0,0,0,0,0,0,0,2,0,0,0,0,0,0,2,0,1,0,0,0,0,2,0,1,2,0,0,0,1,0,2,1,0,0,1,2,1,1,2,3
455,0,0,0,0,0,2,0,0,0,0,0,0,1,0,0,0,0,0,0,1,0,0,0,0,0,0,1,0,0,1,0,2,2,2,0,2,2,1,2,1,1,0,2
456,0,0,0,0,0,0,0,0,0,0,0,0,0,0,0,0,0,0,0,0,0,0,0,2,1,0,1,0,1,2,1,1,0,2,0,1,2,2,2,1,2,1,3
457,0,0,1,0,0,0,0,0,0,2,0,0,0,0,2,0,1,0,0,0,0,1,0,1,0,0,0,0,1,0,1,0,0,2,0,1,2,2,2,1,2,0,3
458,0,0,0,0,0,0,0,0,0,1,0,0,0,0,0,0,2,0,0,0,0,0,0,1,1,0,1,0,1,1,1,2,0,2,0,2,2,1,2,0,2,0,2
459,0,0,0,0,0,0,0,0,0,0,0,0,0,0,1,0,0,1,0,0,0,2,0,0,2,0,0,0,1,0,1,2,0,2,0,1,2,2,1,1,2,1,2
460,0,0,0,0,0,0,0,0,0,0,0,0,0,0,0,0,0,1,0,0,0,0,1,0,2,0,1,0,1,2,1,2,0,2,0,2,1,1,2,1,2,0,4
461,0,0,0,0,0,0,0,0,1,0,1,0,0,0,0,1,0,2,0,0,0,0,2,2,1,0,0,0,0,1,1,1,0,2,0,0,2,2,1,0,2,0,5
462,0,0,0,0,0,0,0,0,0,0,2,0,0,0,0,0,0,1,0,0,0,0,0,0,2,0,1,0,1,2,1,1,0,2,0,2,1,1,2,0,2,1,0
463,0,1,0,0,0,0,0,0,1,0,0,0,0,0,2,2,0,0,0,0,0,1,1,0,0,0,1,0,1,2,0,0,0,2,0,1,2,1,0,2,2,0,3
464,0,0,0,0,0,0,0,0,0,0,0,0,0,0,0,0,0,0,0,1,0,0,1,2,0,0,1,0,2,2,1,0,0,2,0,1,2,1,1,2,2,1,3
465,0,0,0,0,0,0,0,0,0,1,0,0,0,0,0,0,1,0,0,0,0,0,2,1,0,0,0,0,0,1,2,0,1,2,1,0,2,1,2,2,2,1,2
466,0,0,0,0,0,0,0,0,0,0,0,0,0,0,0,0,0,1,0,0,0,0,0,1,2,0,1,0,2,0,2,1,1,2,0,1,2,1,1,2,2,0,1
467,0,0,0,2,0,0,0,0,0,0,2,0,0,0,0,0,0,1,0,0,0,0,1,0,1,1,1,0,0,1,0,2,2,2,0,0,2,0,1,1,2,0,0
468,0,0,0,0,0,0,0,0,0,0,0,0,0,0,0,0,0,1,1,0,0,0,0,0,2,1,0,0,1,0,0,1,2,2,1,2,0,1,2,2,2,1,3
469,0,0,0,0,1,0,0,0,0,0,0,1,0,0,0,2,0,0,1,0,0,0,1,0,0,2,0,0,2,1,0,0,1,2,0,2,1,0,1,2,2,0,0
470,0,0,0,0,0,0,0,0,0,0,1,0,0,0,0,2,0,1,0,0,0,0,1,2,2,0,0,0,1,2,2,1,0,0,0,2,1,1,2,1,0,0,2
471,0,0,0,0,0,0,0,0,0,0,0,0,0,2,0,0,0,0,0,2,2,0,0,0,1,0,1,1,0,0,1,2,0,2,1,0,1,2,1,0,2,1,3
472,0,0,0,0,0,0,0,0,0,0,0,0,0,0,0,0,0,0,2,1,0,1,0,1,0,2,1,0,1,0,2,0,1,2,0,2,2,1,0,1,2,0,0
473,0,1,0,0,0,0,0,0,2,0,0,0,0,0,0,2,0,0,0,0,0,0,2,1,1,2,0,0,0,1,2,1,1,0,0,0,2,1,2,1,0,0,3
474,0,0,0,0,0,0,0,0,0,0,0,2,0,0,0,0,0,0,1,0,0,0,0,0,1,1,0,0,2,0,2,1,1,2,0,1,0,1,2,2,2,1,2
475,1,0,0,2,0,0,0,1,0,0,2,0,0,0,2,0,0,1,0,0,0,2,0,0,2,0,0,0,1,1,0,1,0,0,0,2,2,1,1,0,0,0,2
476,0,0,0,2,0,0,0,0,0,0,2,0,0,0,0,0,1,1,0,0,0,2,0,1,2,0,0,0,1,1,2,1,0,0,0,2,1,2,1,0,0,0,2
477,0,0,0,0,0,0,0,0,0,0,0,0,0,0,1,0,0,2,0,0,0,2,1,0,1,2,0,0,1,1,0,2,1,0,0,1,2,2,2,1,0,0,0
478,0,0,0,2,0,0,0,1,0,0,2,0,0,0,2,0,0,1,0,0,0,1,0,0,2,0,0,0,2,1,0,1,0,1,0,1,2,0,2,0,1,0,1
479,0,0,0,0,0,0,1,0,0,0,0,0,0,2,0,2,0,0,0,0,2,0,1,0,0,2,0,1,0,1,0,0,1,0,2,1,1,0,2,1,0,2,4
480,0,0,0,2,0,0,0,0,0,1,2,0,0,0,0,0,2,2,0,0,0,0,0,2,1,0,0,0,1,0,1,2,1,0,0,1,0,2,1,1,0,0,1
481,0,0,0,0,0,0,1,0,0,0,0,0,0,2,0,0,0,1,0,0,2,0,0,0,2,0,0,2,0,1,0,2,0,0,1,1,2,1,2,0,1,1,4
482,0,0,0,1,0,0,1,0,0,0,2,0,0,2,0,0,0,2,0,0,2,0,0,0,2,0,0,2,0,1,0,1,0,0,1,1,1,0,2,0,0,1,1
483,0,0,0,0,0,0,1,0,0,0,0,0,0,2,0,2,0,0,0,0,2,0,1,0,0,0,0,2,0,1,0,0,0,0,1,2,1,1,2,1,2,1,4
484,0,0,0,0,0,0,1,0,0,0,0,0,0,2,0,0,0,0,0,0,2,0,0,0,0,1,1,2,0,0,0,0,2,1,1,0,1,2,1,2,2,1,2
485,0,1,0,0,0,0,0,2,2,0,0,0,0,0,2,1,0,0,0,0,0,1,1,0,2,0,0,0,2,1,0,2,0,0,0,1,2,0,1,0,1,0,3
486,0,0,0,0,0,0,1,0,0,0,0,0,0,2,0,0,0,0,0,0,2,0,0,1,0,0,0,2,0,1,1,1,0,0,1,0,1,2,2,1,2,2,4
487,0,0,0,0,2,0,0,0,0,1,0,2,0,0,0,0,2,0,1,0,0,0,0,1,0,1,0,0,0,1,2,0,1,0,0,2,1,2,1,2,0,0,1
488,0,0,0,0,0,0,0,0,0,0,0,0,0,0,0,1,0,0,0,0,1,0,2,2,0,0,0,1,0,2,1,1,0,0,2,1,2,1,2,0,1,2,3
489,0,0,1,0,0,0,0,0,1,1,0,0,0,0,0,2,2,0,0,0,0,0,1,1,0,0,0,0,0,2,1,0,0,0,2,2,1,1,2,0,0,2,4
490,0,0,0,0,0,0,0,0,0,1,1,0,0,0,0,0,1,1,0,0,0,2,0,2,2,0,0,0,1,0,2,1,0,0,2,1,0,2,1,0,0,2,1
491,0,0,0,2,0,0,0,0,0,0,1,0,0,0,0,0,0,1,0,0,0,0,0,1,2,0,0,0,2,1,1,1,0,0,2,2,1,1,2,0,0,2,2
492,0,0,2,0,0,0,0,0,0,2,0,0,0,0,0,0,2,0,0,0,1,0,0,1,0,0,0,1,0,0,1,0,1,0,2,1,2,1,1,2,0,2,3
493,0,0,0,0,0,0,0,0,0,0,0,1,0,0,0,0,0,0,2,0,0,0,0,2,0,2,1,0,0,0,1,2,1,1,2,0,0,1,1,2,1,2,5
494,0,0,0,0,0,0,0,0,0,0,0,0,0,1,0,0,0,2,0,0,1,0,0,0,2,0,0,1,0,1,0,1,0,2,2,0,2,1,2,1,1,2,6
495,0,0,2,0,0,0,0,0,0,2,0,0,0,0,0,0,2,0,1,0,0,0,0,1,0,2,0,0,0,0,2,0,1,1,0,1,2,1,1,2,1,0,3
496,0,0,0,0,0,0,0,1,0,0,0,0,0,0,1,0,0,0,0,0,0,2,0,1,0,2,0,0,2,0,1,2,1,0,0,1,1,2,2,2,1,0,3
497,0,0,0,0,0,0,0,0,0,0,0,0,0,0,0,0,1,0,0,0,0,2,0,1,2,2,0,0,1,0,2,1,1,0,0,2,1,2,1,2,0,1,1
498,0,0,0,0,0,0,0,0,0,0,0,0,0,0,0,0,2,2,0,0,0,0,0,1,1,2,0,0,0,0,1,2,1,0,1,1,2,1,2,2,0,1,2
499,0,0,0,0,0,0,0,0,0,0,0,0,1,0,0,0,0,0,0,1,0,0,1,0,0,1,2,0,0,1,0,2,2,1,0,2,2,1,2,2,1,0,4
500,0,0,0,0,0,0,0,0,0,0,0,0,0,0,0,0,0,0,0,0,0,1,0,1,0,0,2,0,2,0,2,2,2,1,1,1,0,1,2,2,1,1,0
501,0,0,2,0,0,0,0,0,0,1,0,0,0,0,0,0,1,0,0,1,0,0,0,1,0,2,2,0,0,0,2,0,1,1,0,2,0,2,1,2,1,0,4
502,0,0,0,0,0,0,0,0,0,0,0,0,0,0,0,1,0,1,0,1,0,0,1,0,2,2,2,0,0,2,0,2,1,1,0,0,1,0,2,2,1,0,4
503,0,0,1,0,0,0,0,0,0,1,0,0,0,0,0,0,1,0,2,0,0,0,0,2,0,1,2,0,0,0,2,0,2,1,0,1,2,1,0,2,1,0,1
504,0,0,0,2,0,0,0,0,0,0,1,0,0,0,0,0,0,1,1,0,0,0,0,2,2,2,0,0,0,0,1,2,1,0,0,2,0,1,1,2,0,1,1
505,0,1,0,0,2,0,0,0,2,0,0,2,0,0,0,2,0,0,1,0,0,0,1,0,0,2,0,0,0,1,0,0,1,1,0,2,1,0,0,2,1,0,3
506,0,0,0,2,0,0,0,0,0,0,1,0,0,0,0,0,0,2,1,0,0,0,0,0,1,2,0,0,0,0,2,1,1,0,0,1,2,2,1,2,0,1,6
507,0,0,0,0,0,2,0,0,0,0,0,0,1,0,0,0,0,0,0,2,0,0,0,0,2,0,1,0,0,0,1,1,2,2,0,1,1,2,1,1,2,0,3
508,0,0,1,0,0,0,0,0,0,1,0,0,0,0,0,0,2,0,1,0,0,0,2,2,0,2,0,0,0,1,2,0,2,0,0,0,1,1,2,1,0,1,1
509,0,0,0,0,0,0,0,0,2,0,0,0,0,0,0,1,0,0,0,0,0,0,2,2,0,0,2,0,0,1,1,0,0,1,0,2,1,2,1,1,2,1,3
510,0,0,1,0,0,0,0,0,0,1,0,0,0,0,0,0,2,0,0,1,0,0,0,2,0,0,2,0,1,0,2,2,0,1,0,1,2,1,1,0,2,0,3
511,0,0,0,0,0,0,0,0,0,2,1,0,0,0,0,0,1,1,0,1,0,0,0,1,2,0,2,0,0,0,2,2,0,1,0,1,0,2,1,0,2,0,0
512,0,0,0,1,0,0,0,0,0,0,2,0,0,0,0,0,1,2,0,0,0,0,0,2,1,0,2,0,0,0,1,2,0,1,0,1,2,1,1,0,2,0,2
513,0,0,0,0,0,0,0,0,0,0,0,0,0,0,0,0,0,0,1,0,0,0,0,1,0,1,2,0,1,0,2,2,2,1,0,2,0,2,1,1,2,1,4
514,0,0,0,0,0,0,0,0,1,0,0,0,0,0,0,2,0,1,0,0,0,0,1,0,1,0,2,0,0,2,0,2,2,1,0,0,1,0,2,1,2,1,4
515,0,0,0,0,0,0,0,0,0,0,0,0,0,0,0,0,0,0,0,0,0,0,1,0,0,1,2,0,0,2,1,2,2,1,0,1,1,2,2,1,2,1,0
516,0,0,0,0,0,0,0,0,0,0,0,0,0,0,0,0,0,0,1,1,0,0,0,0,2,2,2,0,0,1,0,2,1,1,0,1,2,1,1,2,2,0,0
517,0,0,0,0,0,0,0,0,0,0,0,0,1,0,0,0,0,1,0,1,0,0,0,0,2,2,2,0,2,0,0,1,2,1,0,1,1,0,2,1,2,0,6
518,0,0,0,0,0,0,0,0,0,0,0,0,0,0,0,0,0,2,0,0,1,2,0,0,1,0,0,2,2,2,0,2,1,0,1,1,1,0,2,1,0,1,0
519,0,0,0,0,0,0,0,0,0,0,0,0,0,0,0,0,0,0,0,0,1,0,0,2,0,0,0,2,1,0,1,2,0,1,1,2,1,2,2,2,1,1,3
520,0,0,0,0,0,0,0,0,0,0,0,0,0,0,0,1,0,0,0,0,0,0,2,2,1,0,0,2,0,1,2,2,0,0,1,1,1,1,2,2,0,1,2
521,0,0,0,0,0,0,0,0,0,2,0,0,0,0,0,0,1,0,0,0,0,0,0,2,1,0,0,2,0,0,2,2,1,0,1,1,0,2,1,1,2,1,3
522,0,0,0,0,0,0,0,0,0,1,0,0,0,0,0,0,2,0,0,0,0,2,0,1,0,0,0,2,1,0,1,2,0,0,1,2,1,1,2,0,2,1,3
523,0,0,0,0,0,0,0,0,0,1,0,0,0,0,0,0,2,0,0,0,0,0,0,1,2,0,1,2,0,0,2,1,0,1,1,0,2,2,1,0,2,1,3
524,0,0,0,0,0,0,0,0,0,0,1,0,0,0,0,0,0,1,0,0,0,0,0,0,2,0,0,2,1,2,0,1,0,0,1,2,1,2,2,1,2,1,4
525,0,0,0,0,0,0,0,0,0,0,1,0,0,0,0,0,0,2,0,0,0,0,0,1,2,0,0,2,0,1,1,2,0,0,1,1,2,2,1,0,2,1,2
526,0,0,1,0,0,0,0,0,0,1,0,0,0,0,1,0,2,0,0,0,0,2,0,1,0,0,0,2,2,0,1,0,0,0,1,2,0,1,0,2,2,1,4
527,0,0,0,0,0,0,0,0,0,0,0,0,0,0,0,0,0,1,0,0,1,0,0,0,2,0,0,2,0,2,0,1,2,1,1,0,2,1,2,1,2,1,4
528,0,0,0,0,0,0,0,0,0,0,1,0,0,0,0,0,0,2,0,0,0,0,0,0,1,0,0,2,0,1,0,2,0,2,1,1,2,1,1,2,2,1,2
529,0,0,0,0,0,0,0,0,0,0,0,2,0,0,0,0,0,0,2,0,0,0,1,0,0,1,2,0,0,1,0,2,1,1,0,0,1,2,1,2,2,1,1
530,0,0,0,0,0,0,0,0,0,0,0,0,0,0,0,0,1,0,0,2,0,0,0,2,0,0,1,2,0,1,1,0,0,2,1,2,1,2,1,0,2,1,0
531,0,0,0,0,0,0,2,0,0,0,0,0,0,1,0,0,0,1,1,0,2,0,0,0,2,1,0,1,0,0,0,2,2,0,1,1,0,0,2,1,0,2,1
532,0,0,0,0,0,0,0,0,0,0,0,0,0,0,0,0,2,0,1,0,0,0,0,1,0,2,0,0,2,0,1,2,2,1,0,1,2,1,1,2,1,0,3
533,0,0,0,0,0,0,0,0,0,1,0,0,0,0,0,0,1,0,1,0,0,0,0,2,0,2,0,0,1,0,1,2,2,0,0,1,2,1,2,2,0,1,3
534,0,0,0,1,0,0,0,0,0,0,2,0,0,0,0,0,1,1,1,0,0,0,0,1,2,2,0,0,0,0,2,1,2,0,0,0,0,2,1,2,1,0,0
535,0,0,0,0,0,0,0,0,0,0,0,0,0,0,1,0,0,2,0,1,0,1,1,0,1,0,2,0,2,2,0,2,0,2,0,1,1,0,2,0,1,0,0
536,0,0,0,0,0,0,0,0,0,0,1,0,0,0,0,0,0,2,0,1,0,2,0,0,1,0,2,0,2,0,0,1,0,2,0,1,0,1,2,2,1,1,0
537,0,0,0,0,0,0,0,0,0,0,0,0,0,0,0,2,0,0,0,1,0,0,1,0,0,0,2,0,0,1,2,1,2,2,0,0,1,2,2,1,1,1,4
538,0,0,2,0,0,0,0,0,0,1,0,0,0,0,0,0,1,0,0,1,0,0,0,2,0,1,2,0,0,0,1,0,2,2,0,1,1,2,0,2,1,0,4
539,0,0,0,0,0,0,0,0,0,0,0,0,1,0,0,0,0,0,0,1,0,0,0,0,0,2,2,0,0,0,2,1,1,2,0,2,1,1,2,2,1,1,2
540,0,0,0,0,0,0,0,0,0,0,2,0,0,0,0,0,0,1,0,0,0,0,0,0,1,2,2,0,0,1,1,1,2,2,0,0,2,1,2,1,1,0,4
541,0,0,0,0,1,0,0,0,0,0,0,2,0,0,0,0,0,0,2,0,0,1,0,0,0,2,2,0,1,0,1,0,1,2,0,1,2,1,0,2,1,0,0
542,0,0,0,0,0,0,0,2,0,0,0,0,0,0,1,0,0,0,2,0,0,2,0,0,1,1,0,0,2,0,0,2,1,0,0,1,2,1,2,1,1,0,1
543,0,0,0,0,0,0,0,0,0,0,0,0,0,0,2,0,1,0,0,0,0,2,1,2,0,0,0,0,1,2,1,1,0,1,0,2,2,1,2,0,1,0,2
544,0,0,0,0,0,0,0,0,0,0,0,0,0,1,0,0,1,0,0,0,1,0,1,2,0,0,0,2,1,2,1,0,0,0,1,2,2,1,2,0,0,2,0
545,0,0,0,0,0,0,0,0,0,0,0,0,0,0,0,0,0,0,0,0,0,0,1,2,0,0,0,2,1,2,1,2,1,0,1,2,1,1,2,1,0,2,0
546,0,0,0,0,0,0,0,0,0,0,0,0,0,1,0,0,0,0,0,0,1,0,0,2,0,0,0,2,1,1,1,2,0,0,1,1,2,2,2,1,0,2,3
547,0,0,0,0,0,0,0,0,0,0,1,0,0,0,0,0,0,2,0,0,1,0,0,0,2,0,0,2,0,0,1,1,0,0,1,1,2,2,2,1,1,2,4
548,0,0,0,0,0,0,0,0,0,0,0,0,0,0,0,0,1,0,0,0,0,0,0,2,0,0,0,2,2,2,1,0,1,1,1,2,1,1,0,2,1,2,0
549,0,0,0,0,0,0,0,0,0,0,0,0,0,0,0,1,0,0,0,0,0,0,1,2,0,0,0,2,0,1,2,0,1,0,1,1,2,1,2,2,1,2,1
550,0,0,0,0,0,0,0,0,0,0,0,0,0,0,0,0,0,0,0,0,0,0,0,1,1,0,0,2,2,1,2,1,2,0,1,1,1,2,2,1,0,2,3
551,0,0,0,0,0,0,0,0,0,0,2,0,0,0,0,0,0,2,0,0,0,2,0,0,1,2,0,2,1,0,0,1,1,0,1,1,0,1,2,1,0,2,0
552,0,0,0,0,0,0,0,0,0,0,0,2,0,0,0,0,0,0,1,0,0,0,0,0,0,1,0,2,2,0,2,0,1,1,1,1,1,2,0,2,1,2,5
553,0,0,0,0,0,0,0,0,0,0,0,0,0,1,0,0,0,0,0,0,1,0,0,0,0,0,0,2,2,2,0,1,1,0,1,2,1,1,2,1,2,2,5
554,0,0,0,0,0,0,0,0,0,0,0,0,0,0,0,0,0,0,0,0,0,0,1,0,2,0,0,2,1,1,0,2,0,1,1,2,2,1,1,1,2,2,1
555,0,0,0,0,0,0,0,0,0,0,0,0,0,0,0,2,0,0,0,0,0,0,1,0,2,0,0,2,1,1,0,2,0,1,1,2,1,1,1,0,2,2,4
556,0,0,0,0,0,0,0,0,0,0,0,0,0,1,0,0,0,0,0,0,1,0,1,0,0,0,1,2,0,2,2,0,2,1,1,0,1,2,0,1,2,2,0
557,0,0,0,0,0,0,0,0,0,0,0,0,0,0,0,0,0,0,2,0,1,0,0,0,1,1,2,2,0,0,0,2,1,1,1,0,0,1,2,1,2,2,3
558,2,0,0,0,0,0,0,2,0,0,0,0,0,0,2,0,0,2,0,0,0,1,0,0,1,0,0,0,2,0,0,2,0,1,1,1,0,1,2,0,1,1,2
559,0,0,0,0,0,0,0,0,0,1,0,0,1,0,0,0,1,0,0,1,0,0,0,2,0,0,2,0,1,0,1,2,0,2,0,2,0,1,1,2,2,0,3
560,0,0,0,0,0,0,0,0,0,0,0,0,0,0,0,0,0,2,0,1,0,0,0,0,1,0,2,0,1,0,2,1,1,2,0,1,0,1,2,2,2,1,4
561,0,0,0,0,0,0,0,0,0,0,0,0,0,0,0,0,1,0,0,1,0,0,0,2,0,0,2,1,2,0,1,0,2,2,1,1,0,2,0,1,2,1,6
562,0,0,0,0,0,0,0,0,0,0,0,0,0,0,0,1,1,0,2,0,0,0,2,2,0,1,0,0,0,2,2,1,1,0,0,2,1,1,1,2,0,0,2
563,0,0,0,0,0,0,0,0,0,0,0,0,0,0,0,1,0,0,2,0,0,2,2,0,0,1,0,0,1,2,0,0,1,0,0,2,1,1,2,2,1,1,3
564,0,0,0,0,0,0,0,0,0,1,0,0,0,0,0,0,2,0,0,1,0,0,0,1,0,2,2,0,0,0,1,1,1,2,0,2,0,1,1,2,2,0,4
565,0,0,0,0,0,0,0,0,0,0,0,0,0,0,0,0,2,0,2,0,0,0,0,1,2,1,0,0,0,2,2,1,1,1,0,0,1,1,2,2,1,0,3
566,0,0,0,0,0,0,0,0,0,0,0,0,0,0,0,0,0,0,2,1,0,0,0,0,0,1,2,0,0,0,1,2,1,2,0,1,2,2,1,1,2,1,2
567,0,0,0,0,0,0,0,0,0,0,0,2,0,0,0,0,0,0,1,1,0,0,0,0,0,1,2,0,0,0,1,2,1,2,0,1,0,1,2,2,2,1,3
568,0,0,0,0,0,0,0,0,0,0,0,0,0,0,1,1,0,2,0,0,0,2,2,0,2,0,0,1,1,2,0,1,0,0,1,2,2,0,1,0,0,1,6
569,0,0,0,0,0,0,0,0,0,0,0,0,0,0,1,0,1,2,0,0,0,2,0,2,2,0,0,0,2,0,2,1,0,0,1,1,2,1,1,0,0,1,4
570,0,0,0,0,0,0,0,0,0,0,0,0,0,0,1,0,0,1,0,0,1,2,0,0,2,0,0,2,1,2,0,1,0,0,2,1,2,0,2,1,0,1,1
571,0,0,0,0,0,0,0,0,0,0,0,0,0,0,0,0,0,0,0,0,1,0,1,1,2,0,0,2,0,1,2,1,0,0,2,2,2,1,2,0,1,1,1
572,0,0,0,0,0,0,0,0,0,0,0,0,0,0,0,0,0,0,0,0,0,0,0,0,2,0,0,2,1,2,1,1,0,1,2,2,1,2,1,2,1,1,4
573,0,0,0,0,0,0,0,0,0,0,0,0,0,0,0,0,0,0,0,0,1,1,0,0,2,0,0,2,1,0,0,2,0,1,2,2,2,1,1,2,1,1,3
574,0,0,0,0,0,0,0,0,0,0,2,0,0,0,0,0,0,1,0,0,0,0,0,0,1,0,0,2,0,1,0,1,0,1,2,1,2,1,2,2,2,1,6
575,0,0,0,0,0,0,0,0,0,0,0,0,0,0,0,0,0,0,0,0,0,0,0,0,1,2,0,2,0,0,1,1,2,1,2,1,2,2,1,1,2,1,3
576,0,2,0,0,0,0,0,0,1,0,0,0,0,0,0,1,0,0,0,0,0,0,1,2,0,0,0,0,1,2,1,0,0,0,0,2,2,2,1,2,1,1,2
577,0,0,0,0,0,0,0,0,0,0,0,0,0,0,0,0,2,0,0,0,0,0,2,1,0,1,0,0,2,1,2,1,1,0,0,2,1,2,1,2,1,0,3
578,0,0,1,0,0,0,0,0,0,1,0,0,0,0,0,0,2,0,0,0,0,1,2,2,0,0,0,0,2,1,2,0,0,0,0,1,2,1,1,2,1,0,1
579,0,0,0,0,0,0,0,0,1,2,0,0,0,0,0,2,2,0,0,0,0,0,2,1,0,1,0,0,0,2,1,0,1,0,0,2,1,1,0,2,1,0,4
580,0,0,0,0,0,0,0,0,2,0,0,0,0,0,0,2,0,0,2,0,0,0,1,0,2,1,0,0,0,1,1,1,2,0,0,0,2,1,2,1,0,1,3
581,0,0,0,0,0,0,0,2,0,0,0,0,0,0,1,0,0,0,0,0,0,1,1,2,0,0,0,0,1,2,1,0,0,0,1,2,2,1,2,2,0,1,1
582,0,0,0,0,0,0,0,0,1,2,0,0,0,0,0,1,2,0,0,0,0,0,2,1,0,0,0,0,0,1,2,0,0,1,0,0,1,2,2,2,1,1,5
583,0,0,0,0,0,0,0,0,0,0,0,0,0,0,2,0,0,2,0,0,0,1,2,0,2,0,0,1,2,1,0,1,0,0,1,2,1,0,2,1,0,1,6
584,0,0,0,0,0,0,0,0,2,0,0,0,0,0,0,1,0,0,0,0,0,0,2,0,0,0,0,0,1,2,2,2,1,0,0,1,1,2,1,2,1,1,2
585,0,0,0,0,0,0,0,0,0,1,0,0,0,0,0,0,2,0,0,0,0,0,0,2,0,0,0,0,2,1,2,2,1,0,1,2,1,1,1,2,0,1,0
586,0,0,1,0,0,0,0,0,0,2,0,0,0,0,2,0,1,0,0,0,0,1,0,2,1,0,0,0,1,0,2,2,0,0,0,1,2,1,1,2,0,0,4
587,0,0,0,0,0,0,0,0,0,0,0,0,0,0,0,0,1,2,0,0,0,0,2,2,2,0,0,0,0,2,1,1,0,1,0,1,1,2,2,1,1,0,4
588,0,0,0,0,0,0,0,0,0,0,0,0,0,0,2,0,1,0,0,2,0,1,0,2,0,0,1,0,2,2,1,0,0,1,0,1,2,1,2,0,1,0,1
589,0,0,0,0,0,0,0,0,0,0,0,0,1,0,0,2,0,0,0,2,0,0,1,0,0,0,1,0,1,1,2,2,0,1,0,2,2,1,2,0,1,0,2
590,0,0,0,0,0,0,0,0,0,0,0,0,0,0,0,0,1,0,0,0,0,1,1,1,2,0,0,0,2,2,2,1,0,0,0,1,2,2,1,2,0,1,1
591,0,0,1,0,0,0,0,0,1,1,0,0,0,0,0,1,2,0,0,0,0,0,2,1,2,0,0,0,0,2,2,1,0,0,0,0,2,1,1,2,0,0,3
592,0,0,0,0,0,0,0,2,0,0,0,0,0,0,2,0,2,0,0,0,0,1,0,1,2,0,0,0,2,0,1,1,0,0,0,1,1,1,2,2,0,1,4
593,0,0,0,0,0,0,0,2,0,0,0,0,0,0,1,0,0,1,0,0,0,1,0,0,2,0,0,0,2,2,0,2,1,1,0,2,1,0,1,2,1,0,4
594,0,1,0,0,0,0,0,0,2,0,0,0,0,0,0,2,0,0,0,0,0,0,1,0,2,1,0,0,1,2,0,2,1,0,0,2,1,1,1,2,0,0,3
595,0,0,0,0,0,0,0,2,0,0,0,0,0,0,2,0,0,0,0,0,0,1,1,0,2,0,0,0,1,1,0,2,0,0,0,2,1,2,1,2,1,1,1
596,0,0,0,0,0,0,0,0,0,0,1,0,0,0,0,0,0,2,0,0,0,2,1,0,1,0,0,0,1,2,0,1,1,0,0,2,2,2,1,2,1,0,4
597,0,0,0,1,0,0,0,0,0,0,1,0,0,0,1,2,0,2,0,0,0,2,2,0,1,0,0,0,1,1,0,2,0,0,0,2,1,0,1,2,0,0,1
598,0,0,0,0,0,0,0,1,0,0,0,0,0,0,2,0,0,2,0,0,0,2,0,0,1,0,1,0,1,0,0,2,0,1,0,2,0,2,1,2,1,1,5
599,0,0,0,0,0,0,0,0,0,0,0,0,0,0,0,0,0,2,0,0,0,1,0,0,2,0,0,0,2,2,1,1,1,0,1,1,2,2,1,2,0,1,1
600,0,0,0,0,0,0,0,0,1,0,0,0,0,0,0,2,0,1,2,0,0,0,2,0,2,1,0,0,0,1,0,1,2,0,0,1,2,0,1,2,0,1,0
601,0,0,0,0,0,0,0,0,0,0,0,1,0,0,1,0,0,1,2,0,0,1,0,0,2,1,0,0,2,0,0,2,2,0,0,1,2,0,1,2,0,1,6
602,0,0,0,1,0,0,0,0,0,2,1,0,0,0,0,0,1,2,2,0,0,0,0,1,2,1,0,0,0,0,1,1,2,0,0,0,0,2,1,2,0,0,1
603,0,0,0,0,0,0,0,0,0,0,0,0,0,0,0,0,0,1,0,0,1,0,2,0,2,0,0,2,0,1,0,1,0,0,2,2,1,2,1,1,1,2,4
604,0,0,0,0,0,0,0,0,0,0,0,0,0,1,0,0,0,0,0,0,1,0,0,0,0,0,0,2,0,1,2,0,2,1,2,1,2,1,1,1,2,2,4
605,0,0,1,0,0,0,0,0,0,2,0,0,1,0,0,0,2,0,0,2,0,0,0,1,0,0,1,0,0,0,2,1,0,1,0,0,2,1,2,1,2,0,3
606,0,0,0,0,0,1,0,0,0,0,0,0,1,0,0,0,0,2,0,2,0,0,0,0,2,1,1,0,2,0,0,1,2,1,0,1,0,0,2,1,2,0,0
607,0,0,0,1,0,0,0,0,0,0,2,0,0,0,0,2,0,1,0,0,0,1,1,0,2,0,0,0,2,2,0,1,0,0,0,1,2,0,1,2,0,1,1
608,0,0,0,0,0,0,0,1,0,0,2,0,0,0,1,0,0,1,0,0,0,2,0,2,2,0,0,0,1,0,1,2,0,0,0,1,0,2,1,2,1,0,5
609,0,0,0,0,0,0,0,0,0,0,0,0,0,0,1,0,0,0,0,0,0,1,0,2,0,0,0,0,2,2,1,1,0,1,1,2,2,2,1,0,2,1,1
610,0,0,0,0,0,0,0,0,2,2,0,0,0,0,0,1,2,0,0,0,0,1,1,1,0,0,0,0,1,1,2,0,0,0,0,2,2,1,0,0,2,1,5
611,0,0,0,0,0,0,0,2,0,0,0,0,0,0,1,0,0,1,0,0,0,2,0,0,1,0,0,0,1,1,2,2,0,1,0,2,2,1,1,0,2,0,1
612,0,0,0,0,0,0,0,0,0,1,0,0,0,0,0,1,2,0,0,0,0,2,1,1,0,0,0,0,1,1,2,2,0,0,0,1,2,2,1,0,2,0,1
613,0,0,0,0,0,0,0,2,0,0,0,0,0,0,1,0,2,0,0,0,0,1,0,2,0,0,0,0,1,0,1,2,1,0,0,2,2,1,1,1,2,0,2
614,0,0,0,0,0,0,0,0,0,0,2,0,0,0,1,0,0,1,0,2,0,1,0,0,2,0,1,0,2,0,1,1,0,2,0,2,0,1,2,0,1,0,3
615,0,0,2,0,0,0,0,0,0,1,0,0,0,0,0,1,1,0,0,0,0,0,1,2,0,0,0,0,0,2,1,2,0,0,0,2,1,2,1,0,2,1,5
616,0,0,0,0,0,0,0,0,0,0,0,0,0,0,2,0,2,0,0,0,0,1,0,1,1,0,0,0,1,0,2,2,0,0,1,1,2,1,2,0,2,1,3
617,0,0,0,0,0,0,0,1,0,0,0,0,0,0,1,0,2,1,0,0,0,2,0,2,2,0,0,0,2,0,1,1,0,1,0,1,0,2,1,0,2,0,0
618,1,0,0,0,0,0,0,2,0,0,0,0,0,0,2,0,0,0,0,0,0,2,0,0,2,0,0,0,1,0,1,1,1,0,0,1,0,2,2,1,2,1,5
619,0,0,2,0,0,0,0,0,0,1,0,0,0,0,0,0,1,0,0,2,0,0,0,1,0,0,1,0,0,2,2,0,1,2,0,0,1,2,1,2,1,0,4
620,0,0,0,0,0,0,0,0,0,0,0,0,0,0,0,0,0,0,0,2,0,1,0,0,2,0,1,0,1,1,2,1,0,2,0,2,1,1,2,2,1,0,3
621,0,0,0,0,0,0,0,0,0,0,1,0,0,0,0,0,1,2,0,0,0,0,0,2,2,0,0,0,0,2,1,2,0,0,0,1,1,2,1,1,2,1,1
622,0,0,0,0,0,0,0,2,0,0,2,0,0,0,2,0,0,1,0,0,0,1,0,0,2,0,0,0,1,0,0,2,0,1,0,2,0,1,1,1,2,1,1
623,0,0,0,0,0,0,0,0,0,0,2,0,0,0,0,1,0,2,0,0,0,0,1,0,1,0,0,0,0,1,0,2,1,1,0,2,2,1,2,1,2,0,1
624,0,0,0,2,0,0,0,0,0,0,1,0,0,0,0,0,1,2,0,0,0,0,0,1,2,0,0,0,0,0,2,1,0,1,1,0,2,2,1,0,2,1,2
625,0,2,0,2,0,0,0,0,1,0,2,0,0,0,0,1,0,1,0,0,0,0,1,0,2,0,0,0,0,2,0,1,0,0,0,1,2,1,1,0,2,0,5
626,0,0,0,2,0,0,0,0,0,0,2,0,0,0,0,1,0,1,0,0,0,0,1,2,2,0,0,0,0,2,1,1,0,0,0,1,2,1,1,0,2,0,2
627,0,0,0,2,0,0,0,0,0,0,2,0,0,0,0,0,1,2,0,0,0,0,0,2,1,0,0,0,0,0,1,2,1,0,0,1,0,2,1,1,2,1,1
628,0,0,0,0,0,0,0,0,0,0,0,0,0,0,0,0,0,0,1,2,0,0,0,2,0,2,1,0,1,0,2,0,2,2,0,1,1,1,0,2,1,1,3
629,0,0,0,2,0,0,0,0,0,0,1,0,0,0,0,0,1,1,0,0,0,0,0,2,2,0,0,0,0,1,2,1,0,0,0,1,2,1,2,2,0,1,1
630,0,0,1,0,0,0,0,0,0,2,0,0,0,0,0,0,2,0,0,0,0,0,0,1,0,0,0,0,0,0,2,2,1,0,1,2,1,1,1,2,2,1,0
631,0,0,0,0,0,0,0,0,0,2,0,0,0,0,0,0,1,0,0,0,0,0,0,2,1,0,0,0,0,1,2,2,0,1,0,1,1,1,2,2,2,1,3
632,2,0,0,0,0,0,0,1,0,0,0,0,0,0,1,0,0,1,0,0,0,2,0,0,2,0,0,0,1,1,0,2,1,0,0,1,2,0,1,2,2,0,1
633,1,0,0,0,0,0,0,1,0,0,0,0,0,0,1,0,0,1,0,0,0,2,0,0,2,0,0,0,1,2,0,2,0,0,0,2,1,1,1,2,2,0,2
634,0,0,0,0,0,0,0,0,0,0,0,0,0,0,0,0,0,2,0,0,0,0,2,0,1,0,1,0,0,1,1,2,1,1,0,0,2,1,2,2,2,1,4
635,0,0,0,2,0,0,0,0,2,0,1,0,0,0,0,2,0,1,0,0,0,0,1,0,1,0,0,0,0,2,0,2,0,1,0,0,1,1,1,2,2,0,0
636,0,0,0,0,0,0,0,0,0,0,0,0,0,0,0,1,0,0,0,0,0,2,1,1,0,1,0,0,1,2,2,0,2,1,0,1,2,2,0,1,2,0,5
637,0,0,0,0,0,0,0,0,2,2,0,0,0,0,0,1,1,0,0,0,0,0,2,1,0,0,0,0,0,2,1,0,2,1,0,0,1,2,1,1,2,0,3
638,0,0,0,0,1,0,0,0,0,0,0,1,0,0,0,1,0,0,2,0,0,0,2,2,0,2,0,0,0,1,2,0,1,0,0,1,1,1,2,2,0,0,2
639,0,0,0,0,0,0,0,0,1,0,0,0,0,0,0,2,0,2,0,0,0,0,1,0,2,0,0,0,1,1,0,1,2,0,0,2,2,0,1,1,2,1,0
640,0,0,0,2,0,0,0,0,0,0,1,0,0,0,0,0,0,2,0,0,0,0,0,0,2,0,0,0,0,0,0,1,2,1,1,2,1,1,2,1,2,1,1
641,0,0,2,0,0,0,0,0,0,2,0,0,0,0,0,0,2,0,1,0,0,0,0,1,0,1,0,0,0,0,1,0,2,0,0,2,1,1,1,2,2,1,0
642,0,0,0,0,0,0,0,0,1,0,0,0,0,0,0,1,2,0,0,0,0,0,2,1,0,0,0,0,0,1,1,0,2,1,0,0,2,1,2,2,2,1,4
643,2,0,0,0,0,0,0,2,0,0,0,0,0,1,1,0,0,0,0,0,2,2,0,0,2,0,0,1,2,0,0,1,0,0,1,1,1,0,2,0,0,1,3
644,0,0,0,0,0,0,0,0,0,0,0,0,0,0,1,0,0,0,0,0,2,2,0,0,2,0,0,1,1,0,2,1,0,0,1,2,2,1,2,0,1,1,2
645,0,0,0,0,0,0,0,0,0,0,0,0,0,0,0,1,0,0,0,0,2,0,1,2,2,0,0,1,0,2,2,1,0,0,1,0,2,1,2,1,0,1,2
646,0,0,0,1,0,0,0,0,0,0,2,0,0,0,0,0,0,2,0,0,2,0,0,1,1,0,0,1,0,0,2,2,0,0,1,0,2,1,1,2,0,1,2
647,0,0,2,0,0,0,0,0,0,1,0,0,0,0,0,0,2,0,0,0,2,0,0,1,0,2,0,1,0,0,2,0,1,0,1,0,2,1,1,2,0,1,4
648,0,0,0,0,0,0,0,0,0,0,0,0,0,0,0,1,0,0,2,0,2,0,2,2,0,2,0,1,0,1,1,0,1,0,1,0,2,1,0,2,0,1,1
649,0,0,0,0,0,0,0,0,0,0,0,0,0,0,2,0,0,0,0,0,2,1,0,1,0,0,0,1,2,0,2,2,0,1,1,1,0,1,2,0,2,1,1
650,0,0,0,0,0,0,0,0,0,0,0,0,0,0,0,0,0,0,0,0,2,1,2,0,2,0,0,1,2,1,0,1,0,0,1,1,2,1,2,0,2,1,2
651,0,0,0,0,0,0,0,0,2,0,0,0,0,0,0,2,0,1,0,0,2,0,1,0,2,0,0,1,0,1,0,2,0,0,1,0,2,0,1,1,2,1,5
652,0,0,0,0,0,0,0,0,0,2,0,0,0,0,0,0,1,2,0,0,2,0,0,2,2,0,0,1,0,0,1,1,0,0,1,0,0,1,2,1,2,1,4
653,0,0,0,0,0,0,0,0,0,0,0,0,0,0,0,1,0,0,0,0,2,0,2,0,0,1,0,1,0,2,2,0,2,0,1,1,2,1,0,1,2,1,2
654,0,0,0,2,0,0,0,1,0,0,1,0,0,0,2,0,0,1,0,0,0,1,0,0,1,1,0,0,1,0,0,2,2,0,0,2,0,0,1,2,2,0,5
655,0,0,0,0,0,0,0,0,0,0,0,0,0,0,0,0,0,0,0,1,2,0,0,1,0,0,2,1,1,0,1,0,0,2,1,2,2,1,2,0,2,1,2
656,0,0,0,0,0,0,0,0,0,0,0,0,0,0,0,1,0,0,0,1,2,0,1,0,0,0,2,1,0,2,0,0,0,2,1,2,1,1,2,0,2,1,2
657,0,0,0,0,0,0,0,0,0,2,0,0,0,0,0,0,2,0,0,0,0,0,0,1,0,2,1,0,1,0,2,0,1,1,0,2,2,1,1,1,2,0,4
658,2,0,0,0,0,0,0,1,0,0,0,0,0,0,1,0,0,0,0,0,0,1,0,0,0,2,0,0,2,0,2,1,1,0,0,2,1,1,2,1,2,0,3
659,0,0,0,0,0,0,0,0,0,0,0,0,0,0,0,1,0,2,0,0,0,0,2,0,1,2,0,0,1,1,0,2,1,0,0,2,1,2,1,1,2,0,2
660,0,0,0,0,0,0,0,0,2,0,0,0,0,0,0,1,0,2,0,0,0,0,2,0,2,2,0,0,0,1,0,1,1,1,0,1,2,0,1,1,2,0,3
661,0,0,0,0,0,0,0,0,0,0,2,0,0,0,0,0,0,2,2,0,0,0,0,0,1,2,1,0,0,0,1,2,1,1,0,0,0,1,2,2,1,1,5
662,0,0,0,2,0,0,0,0,0,0,2,0,0,0,1,0,0,2,0,0,0,1,0,0,1,2,0,0,2,0,0,1,1,0,0,1,0,0,2,1,2,1,4
663,0,0,0,0,0,0,0,0,0,0,0,0,0,0,1,0,0,0,1,0,0,2,0,0,0,2,0,0,1,0,2,1,1,1,0,2,0,1,2,2,2,1,6
664,0,0,1,0,0,0,0,0,0,2,0,0,0,0,0,0,1,0,1,0,0,0,0,2,0,2,0,0,0,2,1,0,1,0,0,0,1,1,2,2,2,1,5
665,0,0,0,0,0,0,0,0,0,0,0,0,0,0,0,0,0,0,0,0,0,0,0,2,1,2,0,0,1,0,1,2,1,1,0,2,1,2,1,2,2,1,4
666,0,0,0,0,0,0,0,0,0,0,0,0,0,0,0,0,0,0,0,0,0,0,0,1,1,2,1,0,1,0,2,2,1,1,0,2,0,1,2,2,2,1,2
667,0,0,0,0,0,0,0,0,0,0,0,0,0,0,1,0,0,1,0,0,0,1,0,0,2,2,1,0,2,0,0,2,1,1,0,2,0,1,1,2,2,0,2
668,0,0,0,0,0,0,0,0,0,0,1,0,0,0,0,0,0,2,0,0,0,1,0,0,2,2,0,0,1,0,0,2,1,1,0,1,0,2,1,2,2,1,0
669,0,0,0,0,0,0,0,0,0,0,0,1,0,0,0,0,2,0,1,0,0,0,0,1,0,2,0,0,0,0,1,0,2,0,1,2,1,2,1,2,2,1,0
670,0,0,0,1,0,0,0,0,0,0,1,0,0,0,0,0,0,2,2,0,0,0,0,1,2,1,0,0,0,0,2,1,1,0,0,0,1,2,1,2,2,0,5
671,0,0,1,0,0,0,0,0,0,2,0,0,0,0,0,0,2,0,2,0,0,0,0,1,0,1,0,0,0,0,1,0,2,1,0,0,2,2,1,1,2,1,5
672,0,0,0,0,0,0,0,0,0,0,0,0,0,0,0,0,0,0,0,2,0,1,0,2,0,0,1,0,1,0,1,2,0,2,0,1,2,1,1,2,2,1,0
673,0,0,0,0,0,0,0,0,0,0,0,0,1,0,0,0,0,2,0,2,0,0,0,0,1,1,1,0,0,0,0,2,1,2,0,2,1,1,1,2,2,0,4
674,0,0,0,0,0,0,0,0,0,0,2,0,0,0,0,0,0,1,0,2,0,0,0,0,2,1,1,0,0,0,0,1,2,2,0,1,0,2,1,1,2,1,0
675,0,0,0,0,1,0,0,0,0,0,0,2,0,0,0,0,0,0,1,0,0,0,1,2,0,1,0,0,0,2,1,0,1,0,0,2,2,1,0,2,2,1,1
676,0,0,0,2,0,0,0,0,0,0,2,0,0,0,1,0,0,2,0,0,0,1,0,2,1,0,0,0,1,0,1,2,0,0,0,2,0,1,1,2,1,0,0
677,0,0,0,0,0,0,0,0,0,0,0,0,0,0,0,0,0,0,0,1,2,0,0,0,0,0,2,1,1,1,0,2,0,1,1,2,1,2,2,0,1,2,1
678,0,0,0,0,0,0,0,0,0,0,0,2,0,0,0,0,0,0,1,0,0,1,0,0,0,2,0,0,1,0,1,2,1,0,0,2,1,1,2,2,2,1,3
679,0,0,0,1,0,0,0,0,0,2,2,0,0,0,0,0,1,1,0,0,0,0,0,2,1,0,0,0,0,2,1,2,0,1,0,0,1,2,2,0,1,0,6
680,0,0,0,1,0,0,0,0,0,0,2,0,0,0,0,2,0,1,0,0,0,0,1,2,2,0,0,0,0,2,2,1,0,0,0,1,2,1,1,0,0,1,1
681,0,0,0,1,0,0,0,0,0,0,2,0,0,0,1,0,1,1,0,0,0,1,0,2,2,0,0,0,2,0,2,1,0,0,0,2,1,2,1,0,0,0,0
682,0,0,0,0,0,0,0,1,0,0,0,0,0,0,2,1,0,0,0,0,0,1,2,0,0,0,0,0,2,2,0,0,0,0,1,1,2,2,1,1,1,2,2
683,0,0,1,0,0,0,0,0,0,2,0,0,0,0,0,0,1,0,0,0,0,2,2,2,0,0,0,0,2,1,1,0,0,0,0,1,1,2,1,0,1,2,1
684,0,0,0,0,0,0,0,0,1,2,0,0,0,0,0,1,2,0,0,0,0,0,2,1,0,0,0,0,2,1,2,1,0,0,0,1,1,2,1,0,0,2,4
685,0,0,2,0,0,0,0,0,1,1,0,0,0,0,0,2,2,0,0,0,0,0,2,1,0,0,0,0,0,1,1,1,0,0,1,0,2,2,1,0,0,2,1
686,0,0,2,0,0,0,0,0,0,2,0,0,0,0,0,0,2,0,0,0,1,1,0,1,0,0,0,1,2,0,2,0,0,0,1,1,0,2,0,1,1,2,6
687,2,0,0,0,0,0,0,1,0,0,0,0,0,0,1,0,0,0,0,0,0,2,0,1,0,0,1,0,2,0,2,1,0,1,0,1,0,2,2,0,1,2,5
688,0,0,0,0,0,0,0,0,0,1,0,0,0,0,0,0,2,0,0,0,0,0,1,2,0,0,0,0,0,2,1,1,1,0,0,2,2,1,2,1,1,2,5
689,0,0,0,0,0,0,0,2,0,0,0,0,0,0,1,2,0,0,0,0,0,1,1,0,1,0,0,0,2,2,0,2,0,0,0,1,1,0,2,1,1,2,2
690,0,0,0,0,0,0,0,0,0,0,0,0,0,0,1,0,0,0,0,0,1,2,0,1,0,0,0,1,2,0,1,2,0,0,1,2,1,2,2,1,0,2,6
691,0,0,0,0,0,0,0,0,0,0,0,0,0,0,1,0,0,0,0,0,0,2,0,0,0,0,1,0,2,1,2,2,0,1,1,2,1,1,2,0,1,2,5
692,0,0,0,0,0,0,0,0,0,0,0,0,0,0,0,0,2,1,0,0,0,2,1,1,1,0,0,0,1,2,1,2,0,0,0,1,1,2,2,0,0,2,0
693,0,0,0,0,0,0,0,0,0,0,0,0,0,0,0,0,1,0,0,0,0,1,0,1,2,0,0,0,2,2,2,1,0,0,1,1,1,2,2,1,0,2,2
694,1,0,0,0,0,0,0,1,0,0,0,0,0,0,1,0,0,0,0,0,0,2,0,2,2,0,0,0,1,0,2,1,0,0,0,2,0,1,2,1,1,2,3
695,0,0,0,0,0,0,0,0,0,0,1,0,0,0,0,0,2,1,0,0,0,0,0,1,2,0,0,0,0,2,2,1,0,0,0,1,2,1,2,1,1,2,2
696,0,0,1,0,0,0,0,0,0,2,0,0,0,0,0,0,1,0,0,0,0,1,0,2,2,0,0,0,2,1,1,1,0,0,0,1,2,1,2,0,0,2,3
697,1,0,0,0,0,0,0,1,0,0,0,0,0,0,2,0,1,0,0,0,0,1,0,2,2,0,0,0,2,0,1,2,0,0,1,1,0,2,1,0,0,2,2
698,0,0,2,0,0,0,0,0,0,1,1,0,0,0,0,0,1,1,0,0,0,0,0,1,2,0,0,0,2,0,2,2,0,0,0,1,0,2,1,1,0,2,4
699,0,0,0,0,0,0,0,0,0,2,0,0,0,0,0,0,1,2,0,0,0,0,0,1,1,0,0,0,2,0,2,1,1,0,0,2,1,1,2,1,0,2,5
700,0,0,0,0,0,0,0,0,1,0,0,0,0,0,0,1,0,2,0,0,0,1,2,0,1,0,0,0,2,1,0,2,0,0,0,2,1,2,1,1,0,2,5
701,0,0,0,0,0,0,0,0,0,0,0,0,0,0,2,0,2,2,0,0,0,1,0,1,1,0,0,0,1,0,1,2,0,0,0,1,2,2,1,1,0,2,0
702,0,0,0,2,0,0,0,0,0,0,1,0,0,1,0,0,0,2,0,0,2,0,0,0,1,0,0,1,0,0,0,2,1,0,2,0,1,1,2,2,0,1,4
703,0,0,0,0,0,0,0,0,0,0,2,0,0,0,0,0,2,1,0,0,0,0,0,1,2,0,0,1,0,0,1,2,1,0,1,2,0,1,2,1,0,2,4
704,0,0,0,0,0,0,0,2,0,0,2,0,0,0,1,0,0,2,0,0,0,1,0,0,1,0,0,1,2,0,0,2,1,0,1,1,0,0,2,1,0,2,4
705,0,0,0,0,0,0,0,0,0,0,0,0,0,0,0,0,0,0,0,0,2,0,0,2,0,0,0,1,1,0,1,1,2,0,2,1,1,2,2,2,1,1,1
706,0,0,0,0,0,0,0,0,1,0,0,0,0,0,0,1,1,0,0,0,0,0,2,1,0,0,0,0,2,2,2,0,0,0,1,1,2,1,0,2,1,2,1
707,0,0,0,0,0,0,0,0,2,0,0,0,0,0,0,1,0,0,0,0,0,0,1,2,0,0,0,0,0,1,2,1,0,1,0,2,2,1,1,2,1,2,2
708,0,2,0,0,0,0,0,0,1,0,0,0,0,0,0,1,1,0,0,0,0,0,1,2,0,0,0,0,0,2,1,0,0,0,0,1,1,2,2,2,1,2,4
709,0,0,0,0,0,0,0,0,0,0,0,0,0,0,1,2,0,0,0,0,1,2,1,0,0,0,0,1,2,1,0,2,0,0,1,1,2,0,1,2,0,2,6
710,0,0,1,0,0,0,0,0,0,2,0,0,0,0,0,0,1,0,0,0,0,0,0,2,0,0,0,1,0,0,1,2,0,0,1,1,2,2,1,2,1,2,3
711,0,0,0,0,0,0,0,2,0,0,0,0,0,0,1,0,0,0,0,0,0,1,1,0,0,0,0,0,1,2,0,2,0,1,1,2,1,0,2,2,1,2,3
712,0,0,0,0,0,0,0,0,0,0,0,0,0,0,2,2,0,0,0,0,0,1,1,0,0,0,0,0,1,2,0,2,0,0,1,1,1,1,2,2,1,2,2
713,0,0,0,0,0,0,0,0,0,0,0,0,0,0,0,0,0,0,0,0,0,2,0,1,2,0,0,0,1,2,2,1,0,0,1,1,2,1,1,2,1,2,2
714,0,0,0,0,0,0,0,0,0,0,1,0,0,0,0,0,1,2,0,0,0,0,2,1,1,0,0,0,0,2,2,1,0,0,0,0,1,1,2,2,1,2,4
715,0,0,0,0,0,0,0,2,0,0,0,0,0,0,1,0,0,2,0,0,0,2,0,0,1,0,0,0,1,0,1,2,0,0,1,2,1,1,1,2,0,2,2
716,0,0,0,0,0,0,0,0,0,0,0,0,0,0,2,0,1,2,0,0,0,1,0,2,1,0,0,0,1,0,1,2,0,0,0,1,0,2,1,2,1,2,4
717,0,0,0,0,0,0,0,0,0,1,1,0,0,0,0,0,2,2,0,0,0,0,0,1,2,0,0,0,0,2,1,1,0,0,0,2,1,1,1,2,0,2,4
718,0,0,0,0,0,0,0,0,0,0,0,0,0,0,2,2,1,0,0,0,0,1,1,2,0,0,0,0,1,1,1,0,2,0,0,2,1,2,0,1,0,2,0
719,0,0,0,0,0,0,0,0,0,2,0,0,0,0,0,1,1,0,0,0,0,2,2,1,0,0,0,0,1,1,1,0,2,0,0,2,1,2,0,1,0,2,6
720,0,0,2,0,0,0,0,0,0,2,0,0,0,0,0,0,1,0,0,0,0,0,0,1,0,1,0,0,1,0,2,0,2,0,1,2,1,2,0,1,1,2,0
721,0,0,0,0,0,0,0,0,0,0,0,0,0,0,2,0,0,0,0,0,0,2,0,0,0,1,0,0,1,0,2,1,2,1,1,2,0,1,2,1,1,2,0
722,0,0,0,0,0,0,0,0,0,1,0,0,0,0,0,0,1,0,0,0,0,0,2,2,0,0,0,0,0,1,2,0,2,1,1,0,2,1,2,1,1,2,1
723,0,0,0,0,0,0,0,0,0,0,0,0,0,0,0,0,0,0,0,0,0,0,2,0,0,0,0,1,0,2,2,1,2,1,1,1,1,1,2,2,1,2,4
724,0,0,0,0,0,0,0,0,1,0,0,0,0,0,0,1,0,1,0,0,0,0,2,0,2,0,0,0,2,1,0,1,2,0,0,1,2,1,1,2,0,2,0
725,0,0,0,0,0,0,0,0,0,0,0,0,0,0,0,2,0,1,1,0,0,0,1,0,2,1,0,0,0,1,0,2,2,0,1,0,1,2,1,2,0,2,0
726,0,0,0,0,0,0,0,0,0,0,0,0,0,0,0,0,0,0,1,0,0,0,0,0,2,1,0,0,0,1,2,2,2,1,0,1,2,1,1,2,1,2,2
727,0,0,0,0,0,0,0,0,0,0,0,0,0,0,1,0,0,0,0,0,0,2,0,1,0,2,0,0,1,2,1,2,1,0,0,1,1,2,2,1,0,2,2
728,0,0,1,0,0,0,0,0,0,2,0,0,0,0,0,0,1,1,1,0,0,0,0,2,2,2,0,0,0,0,1,1,1,0,0,0,0,2,1,2,0,2,3
729,0,0,0,0,0,0,0,0,0,1,0,0,0,0,0,0,1,0,0,0,0,0,0,2,1,2,0,0,0,0,1,2,2,0,1,1,2,2,1,1,0,2,3
730,0,0,0,0,0,0,0,0,0,0,0,0,0,0,0,0,1,0,0,0,0,0,0,2,2,2,1,0,0,0,2,1,2,1,0,1,0,2,1,1,1,2,5
731,0,0,0,0,0,0,0,0,0,1,0,0,0,0,0,0,1,2,1,0,0,0,0,2,1,2,0,0,0,0,2,1,2,0,1,0,0,1,2,1,0,2,0
732,0,0,0,0,0,0,0,0,0,0,0,0,0,0,2,0,0,0,2,0,0,2,2,0,0,1,0,0,1,1,0,1,1,0,0,2,1,0,2,1,1,2,0
733,0,0,0,0,0,0,0,0,0,1,0,1,0,0,0,0,2,0,2,0,0,0,0,1,0,1,0,0,0,1,2,0,2,1,0,0,2,1,0,2,1,2,1
734,0,0,0,0,0,0,0,0,0,1,0,0,0,1,0,1,1,0,0,0,2,0,2,2,0,0,0,1,0,2,1,0,0,0,2,0,2,1,0,0,2,1,0
735,0,0,0,0,0,0,0,0,0,0,0,1,0,0,0,0,0,2,2,0,0,0,1,0,1,2,0,0,0,1,0,2,1,0,1,2,1,0,1,2,0,2,1
736,0,0,0,0,0,0,0,0,0,0,0,0,0,0,0,0,0,2,0,0,2,0,0,2,1,0,0,1,0,1,1,1,0,2,2,0,1,2,1,0,2,1,5
737,0,0,1,0,0,0,0,0,0,1,0,0,0,0,1,0,2,0,0,0,0,1,2,2,0,0,0,0,2,1,2,2,0,0,0,1,2,1,1,0,0,0,1
738,1,0,0,0,0,0,0,2,0,0,0,0,0,0,2,0,0,0,0,0,0,2,0,1,0,0,0,0,1,1,2,1,0,0,0,1,2,1,1,0,2,2,1
739,0,0,1,0,0,0,0,0,2,1,0,0,0,0,0,2,2,0,0,0,0,0,1,1,0,0,0,0,0,2,1,1,0,0,0,0,2,1,1,0,2,2,3
740,0,0,0,0,0,0,0,0,2,2,0,0,0,0,0,1,1,0,0,0,0,1,2,2,0,0,0,0,1,1,1,0,0,0,0,1,1,2,0,0,2,2,0
741,0,0,0,0,0,0,0,0,0,0,0,0,0,0,0,0,0,0,0,0,0,0,0,1,0,0,0,1,2,1,2,1,0,1,1,1,2,2,2,1,2,2,4
742,0,0,0,0,0,0,0,0,0,0,0,0,0,0,0,0,0,1,0,0,0,0,0,2,1,0,1,0,2,0,2,2,1,1,0,1,0,1,2,1,2,2,5
743,0,0,0,0,0,0,0,0,0,0,0,0,0,0,0,0,0,1,0,0,0,0,0,0,2,0,0,0,1,1,2,2,0,1,1,2,1,1,2,1,2,2,4
744,0,0,0,0,0,0,0,0,0,0,1,0,0,0,0,2,2,2,0,0,0,0,1,1,1,0,0,0,0,1,2,1,0,0,0,0,1,2,1,0,2,2,5
745,0,0,0,0,0,0,0,0,0,0,0,0,0,0,1,1,0,0,0,0,0,1,2,2,0,0,0,0,1,2,1,0,0,0,0,2,1,1,1,2,2,2,0
746,0,0,1,0,0,0,0,0,0,1,0,0,0,0,0,0,1,0,0,0,0,0,0,2,0,0,0,0,0,2,1,0,2,1,1,2,1,2,0,1,2,2,0
747,0,2,0,0,0,0,0,0,1,0,0,0,0,0,0,1,0,0,0,0,0,0,2,0,2,0,0,0,0,1,0,1,2,1,0,0,2,1,1,1,2,2,4
748,0,0,0,0,0,0,0,0,0,0,0,0,0,0,0,0,0,1,0,0,0,2,0,0,2,0,0,1,1,0,0,1,2,1,1,1,0,2,2,1,2,2,2
749,0,0,0,0,0,0,0,0,0,0,2,0,0,0,0,0,0,1,0,0,0,0,0,0,2,1,0,0,1,0,1,1,2,0,0,2,1,1,2,1,2,2,1
750,0,0,1,0,0,0,0,0,0,1,0,0,0,0,0,0,2,0,1,0,0,0,0,2,0,2,0,1,0,0,2,0,1,0,1,0,2,1,0,1,2,2,6
751,0,0,0,0,0,0,0,0,0,0,0,1,0,0,0,0,0,0,2,0,0,0,0,0,0,2,0,0,1,1,1,2,2,0,0,1,2,1,1,1,2,2,3
752,0,0,0,0,0,0,0,0,0,0,0,0,0,0,0,0,0,0,0,0,0,2,0,0,0,0,0,0,1,2,2,2,1,2,1,1,1,2,1,1,1,2,2
753,0,0,0,0,0,0,0,0,0,2,0,0,0,0,0,0,1,2,0,0,0,0,0,1,1,0,0,0,2,0,1,2,0,2,0,1,1,2,1,0,1,2,0
754,0,0,0,0,0,0,0,0,0,0,1,0,0,0,0,0,0,2,0,0,0,1,0,0,2,0,0,0,1,2,0,2,0,2,1,2,1,1,1,0,1,2,4
755,0,0,0,0,0,0,0,0,0,0,1,0,0,0,0,0,0,2,0,0,0,0,1,0,2,0,0,0,1,1,0,2,0,2,0,2,1,2,1,1,1,2,1
756,0,0,0,0,0,0,0,0,0,0,2,0,0,0,2,0,0,1,0,0,0,1,0,1,2,0,0,0,1,0,2,1,0,2,0,1,0,1,2,0,1,2,3
757,0,0,0,0,0,0,0,0,0,0,1,0,0,0,0,0,0,1,0,2,0,2,0,0,2,0,2,0,1,0,0,2,0,1,1,1,0,2,1,0,2,1,2
758,0,0,0,0,0,1,0,0,0,0,0,0,1,0,0,0,0,2,0,2,0,0,0,0,1,0,2,0,1,1,0,2,0,1,0,2,1,2,1,0,2,0,1
759,0,0,0,0,0,0,0,0,0,0,0,0,0,0,0,0,0,0,1,0,0,0,0,0,0,2,1,0,0,2,0,1,1,2,1,2,2,2,1,1,1,2,0
760,0,0,0,0,0,0,0,0,0,0,0,2,0,0,0,2,0,0,1,0,0,0,1,0,0,2,1,0,0,1,0,0,1,2,1,0,2,1,0,2,1,2,0
761,0,0,0,0,0,0,0,0,0,0,0,0,1,0,0,0,0,0,2,2,0,0,0,0,0,1,2,0,0,0,0,2,1,1,1,0,1,1,2,2,2,1,0
762,0,0,0,0,0,0,0,2,0,1,0,0,0,0,2,0,2,0,0,0,0,1,0,1,0,0,1,0,1,0,1,0,0,2,0,1,0,2,1,0,2,2,6
763,0,0,0,0,0,0,0,0,0,0,0,0,1,0,0,0,0,0,0,1,0,0,0,2,0,0,1,0,0,2,1,0,0,2,1,1,1,2,2,1,2,2,5
764,0,0,0,0,0,0,0,1,0,0,1,0,0,0,2,0,0,2,0,0,0,1,0,0,2,0,1,0,1,0,0,2,0,2,0,1,1,0,1,0,2,2,2
765,0,0,0,0,0,0,0,0,0,0,0,0,0,0,0,0,0,0,0,1,0,0,1,0,2,0,1,0,0,2,1,1,0,2,0,1,2,1,1,2,2,2,2
766,0,0,0,0,0,0,0,0,0,0,0,0,0,0,0,0,2,0,0,0,0,0,1,1,0,0,1,0,1,1,2,0,2,2,0,1,2,1,0,1,2,2,3
767,0,0,0,0,0,0,0,0,0,0,0,0,0,0,2,0,0,1,0,1,0,1,0,0,2,0,2,0,2,0,0,1,0,1,1,2,0,1,2,0,1,2,0
768,0,0,0,0,0,0,0,0,0,0,0,0,0,0,0,0,1,1,0,0,0,0,0,2,2,0,2,0,1,0,1,2,0,1,0,2,0,2,1,1,1,2,0
769,0,0,0,0,0,0,0,0,0,0,1,0,0,0,0,0,0,2,1,0,0,0,0,0,2,1,2,0,0,0,1,2,2,1,0,0,0,1,1,2,1,2,2
770,0,0,0,0,0,0,0,0,0,0,0,1,0,0,0,0,0,0,2,1,0,0,0,0,0,1,2,0,0,1,2,0,2,1,1,0,2,1,0,2,1,2,5
771,0,0,0,0,0,0,0,0,0,0,0,2,0,0,0,0,1,0,1,0,0,2,0,1,0,1,0,0,1,1,2,0,1,0,0,2,2,1,2,2,0,0,1
772,0,0,0,0,0,0,0,0,0,0,2,0,0,0,0,0,0,1,0,0,0,0,0,0,2,1,2,0,0,1,0,1,2,1,1,0,1,0,2,1,2,2,5
773,0,0,0,0,0,0,0,0,0,0,0,0,0,0,0,0,0,0,2,0,0,0,0,0,1,1,2,0,0,1,0,2,1,1,1,0,2,2,1,1,2,2,1
774,0,0,0,0,0,0,0,0,0,0,0,0,0,0,0,0,1,0,2,0,0,0,0,2,0,1,2,0,0,0,1,1,2,1,0,0,1,1,2,1,2,2,5
775,0,0,0,0,0,0,0,0,0,0,0,0,0,0,1,0,0,2,0,0,0,2,0,0,1,0,2,0,2,0,1,1,0,2,0,1,1,2,1,0,1,2,2
776,0,0,0,0,0,0,0,0,0,1,0,0,0,0,0,0,1,0,0,0,0,0,0,2,0,0,2,0,0,2,1,0,1,2,0,2,1,1,1,2,1,2,5
777,0,0,0,0,0,0,0,0,0,0,0,0,0,0,0,0,0,0,0,1,1,0,0,2,0,2,2,1,0,0,1,0,1,2,1,0,2,1,0,1,2,2,6
778,0,0,0,0,0,0,0,0,2,0,0,0,0,0,0,1,0,0,0,2,0,0,2,0,0,0,1,0,2,1,0,1,0,1,0,2,1,0,2,1,1,2,0
779,0,0,0,0,0,0,0,0,0,0,0,0,1,0,1,0,0,0,0,2,0,2,0,0,0,0,1,0,2,1,2,0,0,1,0,2,1,1,2,0,1,2,2
780,0,0,1,0,0,0,0,0,0,1,0,0,0,0,0,0,2,0,0,2,0,0,0,1,0,0,1,0,0,0,2,0,0,1,1,0,2,1,2,2,1,2,4
781,0,0,0,0,0,0,0,0,0,0,0,0,0,0,0,0,0,0,0,2,0,0,0,2,0,0,1,0,1,0,1,2,0,1,1,2,1,2,1,2,1,2,3
782,0,0,0,0,0,0,0,0,0,0,0,0,0,0,0,0,0,0,0,2,0,0,0,0,2,0,1,0,0,0,2,2,1,1,1,1,2,1,1,2,1,2,0
783,0,0,0,0,0,0,0,0,0,0,0,0,0,0,0,1,1,0,0,2,0,0,1,2,0,0,1,0,1,1,2,0,0,1,0,2,2,1,0,0,2,2,1
784,0,0,0,0,0,0,0,0,0,0,1,0,0,0,0,0,0,2,0,2,0,1,0,0,1,0,1,0,1,0,2,2,0,2,0,1,0,1,2,0,1,2,0
785,0,0,0,0,0,0,0,0,0,2,0,0,0,0,0,0,1,0,0,0,2,0,0,1,0,0,0,1,0,2,1,1,0,0,2,0,2,2,1,1,1,2,3
786,0,0,0,0,0,0,0,0,1,0,0,0,0,0,0,2,0,0,0,0,2,0,1,0,1,0,0,1,0,1,0,2,0,1,2,0,1,0,2,2,1,2,5
787,0,0,0,0,0,0,0,0,0,0,0,0,0,0,0,0,0,2,0,0,2,0,0,1,1,1,0,1,0,0,2,2,1,0,2,0,0,1,1,2,1,2,2
788,0,0,0,0,0,0,0,0,0,0,0,0,0,1,0,0,0,0,0,0,2,1,0,0,2,0,0,1,1,0,0,2,0,1,2,1,2,1,1,0,2,2,0
789,0,0,0,0,0,0,1,0,0,0,0,0,0,1,0,0,0,0,0,0,2,0,0,0,2,0,0,1,1,1,0,2,0,2,2,1,2,0,1,0,1,2,3
790,0,0,0,0,0,1,0,0,0,0,0,0,2,0,0,0,0,0,0,1,0,0,0,1,1,0,1,0,0,2,2,2,0,1,0,0,1,2,1,0,2,2,1
791,0,0,0,0,0,0,0,0,0,0,0,0,2,0,0,0,0,0,0,1,0,0,0,0,0,0,1,0,0,1,2,2,1,1,1,0,2,1,2,1,2,2,3
792,0,0,0,0,0,1,0,0,0,0,0,0,2,0,0,0,1,0,0,1,0,0,0,2,0,0,2,0,0,0,1,0,2,2,1,1,0,1,0,2,1,2,4
793,0,0,0,1,0,0,0,0,0,0,2,0,0,0,0,2,0,2,0,0,0,0,1,0,1,0,0,0,2,2,1,1,0,0,0,1,1,2,2,0,1,0,0
794,0,0,0,0,0,0,0,0,0,0,0,0,0,1,0,0,0,2,0,0,2,0,0,1,1,0,0,2,0,1,1,2,0,0,1,0,2,1,2,0,2,1,2
795,0,0,0,0,0,0,0,0,0,0,0,0,2,0,0,0,0,0,0,2,0,2,0,0,1,0,1,0,1,0,0,1,1,2,0,2,0,1,1,2,1,2,3
796,0,0,2,0,0,0,0,0,0,1,0,0,0,0,2,0,2,0,0,0,0,1,0,1,0,0,0,0,1,0,2,1,2,0,0,2,1,2,1,1,0,0,3
797,0,0,0,0,0,0,0,0,0,0,0,0,0,0,0,0,1,0,0,0,0,0,2,2,1,1,0,0,0,2,1,2,2,0,1,0,1,2,2,1,0,1,4
798,0,0,0,0,0,0,0,0,1,0,2,0,0,0,1,1,0,2,0,0,0,1,2,0,1,0,0,0,2,1,0,2,0,0,0,2,1,2,1,0,0,0,6
799,0,1,0,0,0,0,0,0,2,0,2,0,0,0,0,1,0,2,0,0,0,0,1,1,1,0,0,0,0,1,2,2,0,0,0,0,2,2,1,0,0,1,2
800,0,0,0,0,0,0,0,0,1,0,0,0,0,0,0,1,0,1,0,0,0,0,1,2,2,0,0,0,0,2,2,1,2,0,0,1,2,1,2,1,0,0,1
801,0,0,0,0,0,2,0,0,0,0,0,0,1,0,0,0,0,0,0,1,0,0,0,0,0,2,1,0,0,0,0,2,1,2,0,1,2,1,1,2,1,2,1
802,0,0,0,0,1,0,0,0,0,0,0,2,0,0,0,0,0,0,1,0,0,0,0,2,0,2,0,0,0,0,2,2,1,0,1,2,1,1,1,2,0,1,0
803,0,0,0,1,0,0,0,0,0,0,1,0,0,0,0,1,0,2,0,0,0,0,1,0,2,0,0,0,0,2,0,1,2,0,0,2,1,2,2,1,1,0,4
804,0,0,0,0,0,0,0,0,0,0,0,0,0,1,0,0,1,0,0,0,2,0,0,2,2,1,0,2,0,0,1,1,2,0,1,0,0,2,1,1,0,2,3
805,0,1,0,0,0,0,0,0,2,0,2,0,0,0,0,2,0,1,0,0,0,0,1,0,2,0,0,0,0,1,0,1,2,0,0,2,1,0,2,1,0,1,0
806,0,0,0,0,0,0,0,0,0,0,0,0,2,0,2,0,2,0,0,1,0,1,0,1,0,0,1,0,2,0,2,0,0,1,0,2,0,1,0,1,2,1,1
807,0,0,0,0,0,0,0,0,0,0,0,0,2,0,0,0,2,0,0,1,0,1,0,1,0,0,1,0,2,0,2,1,0,1,0,2,0,1,2,0,2,1,3
808,0,0,0,0,0,0,0,0,0,0,0,0,2,0,0,0,2,0,0,1,0,0,0,1,2,0,1,0,0,0,1,2,1,1,0,0,0,2,1,2,2,1,3
809,0,0,0,0,0,0,0,0,0,0,2,0,0,1,0,0,0,1,0,0,2,0,0,1,1,0,0,2,0,2,2,1,0,0,2,0,1,1,2,0,0,1,2
810,0,0,0,0,0,0,0,0,0,0,0,1,0,1,0,0,0,0,1,0,2,0,0,2,0,2,0,2,0,0,1,0,1,0,2,0,2,1,0,2,1,1,2
811,0,0,0,0,2,0,0,0,0,0,0,2,0,1,0,0,0,0,1,0,2,0,0,0,0,1,0,2,0,0,2,0,1,0,2,0,1,1,1,2,0,1,0
812,0,0,0,0,0,0,0,0,0,0,0,0,0,1,0,0,0,0,0,0,2,0,2,0,1,0,0,2,0,1,0,2,0,0,2,1,1,2,1,1,2,1,3
813,0,0,0,0,0,0,0,0,0,0,1,0,0,1,0,0,0,1,0,0,2,0,0,0,2,0,1,2,0,2,0,1,0,1,2,0,1,0,2,0,2,1,0
814,0,0,0,0,0,0,0,0,0,1,0,0,2,0,0,0,2,0,0,1,0,0,0,2,2,0,1,0,0,0,2,1,0,2,0,0,0,1,2,1,1,1,0
815,0,1,0,0,0,0,0,1,1,0,0,0,0,0,2,1,0,0,0,0,0,2,2,0,1,0,0,0,1,2,0,2,0,0,0,2,1,0,2,0,0,1,3
816,0,0,0,0,0,0,0,0,2,0,0,0,0,0,0,1,0,0,0,0,0,0,2,0,1,0,0,0,2,1,2,2,1,0,0,1,2,1,2,1,1,0,0
817,0,0,1,0,0,0,0,0,0,1,0,0,0,0,1,0,1,0,0,0,0,2,0,2,0,0,0,0,2,0,2,2,0,0,1,2,0,1,2,1,0,1,1
818,0,0,0,0,0,0,0,0,0,1,0,0,0,0,2,0,2,0,0,0,0,1,0,1,1,0,0,0,1,0,2,2,1,0,0,2,1,2,2,1,0,0,3
819,0,0,0,0,0,0,0,0,2,1,0,0,0,0,0,2,1,0,0,0,0,0,1,1,0,0,1,0,1,2,2,0,0,2,0,2,1,2,0,0,1,0,2
820,0,0,0,0,0,0,0,0,0,0,0,0,0,0,0,1,0,0,0,1,0,0,2,2,0,0,1,0,1,2,1,2,0,2,0,1,2,2,1,0,1,0,3
821,1,0,0,0,0,0,0,1,0,0,0,0,0,0,2,0,0,0,0,1,0,2,0,0,0,0,1,0,1,0,2,2,0,2,0,1,1,2,2,0,1,0,1
822,0,0,0,0,0,0,0,0,1,0,0,0,0,0,0,1,0,0,0,0,0,0,2,2,0,0,1,0,0,1,1,2,0,2,0,2,1,2,2,1,1,0,2
823,0,0,1,0,0,0,0,0,0,1,0,0,0,0,0,0,2,0,0,0,0,1,0,1,1,0,1,0,2,0,2,2,0,2,0,2,0,1,2,0,1,0,0
824,0,0,0,0,0,0,0,0,0,0,0,0,0,0,0,2,0,2,0,0,0,0,2,1,1,0,0,0,0,1,2,2,0,2,0,1,1,1,2,0,1,1,0
825,0,0,0,1,0,0,0,0,0,0,2,0,0,0,0,2,0,1,0,0,0,0,1,0,2,0,0,0,0,1,0,2,0,2,0,1,1,2,2,1,1,0,1
826,0,0,0,2,0,0,0,0,0,0,2,0,0,0,0,0,1,1,0,0,0,0,0,1,2,0,0,0,0,1,2,1,0,2,0,0,2,1,2,0,1,1,0
827,0,0,0,0,0,0,0,0,0,0,0,0,2,0,0,0,1,0,1,1,0,0,0,1,0,2,2,0,0,2,2,0,2,1,0,0,1,2,0,1,1,0,6
828,0,0,0,0,0,0,0,0,0,2,0,0,0,0,0,0,1,0,0,0,0,1,0,2,0,0,0,0,2,1,1,0,1,2,0,2,1,2,0,2,1,1,0
829,0,0,0,0,0,0,0,0,0,0,2,0,0,0,0,0,0,1,0,0,0,1,0,0,1,0,1,0,2,0,2,2,1,2,0,2,0,1,1,2,1,0,4
830,0,0,0,1,0,0,0,0,0,0,2,0,0,0,0,0,0,2,0,0,0,0,0,0,2,0,0,0,2,0,0,1,0,2,1,1,1,1,2,2,1,1,2
831,0,0,0,0,0,0,0,0,0,0,1,0,0,0,0,0,0,1,0,0,0,0,0,0,2,0,0,0,1,2,1,2,2,2,0,1,1,2,2,1,1,0,4
832,0,0,0,2,0,0,0,0,0,0,2,0,0,0,0,0,0,1,0,0,0,0,0,1,1,0,0,0,0,2,1,1,2,2,0,0,1,1,2,2,1,0,2
833,0,0,0,0,0,0,0,0,0,0,0,0,0,0,0,0,0,0,0,0,0,1,2,2,0,2,0,0,1,2,1,0,1,2,0,2,1,1,2,1,1,0,3
834,0,0,0,0,0,0,0,0,0,0,0,1,0,0,0,2,0,0,1,0,0,0,1,0,0,2,0,0,1,2,0,0,1,2,0,1,2,2,1,2,1,0,5
835,0,0,0,0,0,0,0,0,0,0,1,0,0,0,0,0,0,1,0,0,0,0,0,0,1,2,1,0,0,0,2,2,1,2,0,2,1,1,2,2,1,0,3
836,0,0,2,0,0,0,0,0,0,2,0,0,0,0,0,0,1,0,0,0,0,0,0,2,0,1,0,0,1,2,1,2,1,0,0,2,1,1,2,1,0,0,4
837,0,0,0,0,0,0,0,0,0,0,0,2,0,0,0,0,2,0,1,1,0,0,0,1,0,1,1,0,0,0,2,0,2,2,0,2,0,1,0,2,1,1,0
838,0,0,0,0,0,0,0,0,0,0,1,0,0,2,0,0,0,2,0,0,1,0,0,0,2,0,0,1,2,0,0,1,1,0,1,1,0,2,2,1,0,2,2
839,0,0,0,0,0,0,1,0,0,0,0,0,0,2,0,0,0,0,0,0,1,0,0,0,0,0,0,1,1,0,1,0,2,0,1,2,1,2,2,2,1,2,1
840,0,0,0,0,0,0,0,0,0,0,0,0,0,2,0,0,0,0,1,0,1,0,0,1,0,2,0,1,0,0,2,0,2,0,1,1,2,1,1,2,0,2,3
841,0,0,0,0,2,0,0,0,0,2,0,1,0,0,0,0,2,0,1,0,0,0,0,1,0,1,0,0,0,0,2,0,2,2,0,1,1,1,0,2,1,0,3
842,0,0,0,0,0,0,0,0,0,0,0,0,0,2,0,0,0,0,0,0,1,0,0,0,1,0,0,1,0,2,1,2,0,0,2,2,1,2,1,2,1,1,1
843,0,0,0,0,0,0,0,0,0,0,0,0,0,2,0,2,0,0,0,0,1,0,1,0,0,0,0,1,0,1,0,2,0,1,2,0,1,2,2,2,1,1,3
844,0,0,0,0,0,0,0,0,0,0,0,0,0,2,0,0,0,1,0,0,1,0,0,0,2,0,0,1,1,0,0,1,1,0,2,2,2,2,1,2,0,1,2
845,0,0,0,0,0,0,0,1,0,0,0,0,0,0,2,0,0,0,0,0,0,2,0,1,1,1,0,0,2,0,2,1,2,0,0,1,0,1,2,2,1,0,0
846,0,0,0,0,0,0,0,0,0,0,0,0,0,0,0,2,0,0,0,0,0,2,1,2,0,0,0,0,2,1,1,1,2,0,0,1,1,1,2,2,1,0,3
847,0,0,1,0,0,0,0,0,0,1,0,0,0,0,0,0,2,0,0,0,0,0,2,1,0,1,0,0,0,1,1,1,2,0,0,2,2,1,2,2,0,0,0
848,1,0,0,0,0,0,0,1,0,0,0,0,0,0,1,0,1,0,0,0,0,2,0,2,0,0,0,0,1,0,2,2,2,0,0,2,0,1,1,2,0,1,1
849,0,0,0,0,0,0,0,0,0,0,0,0,0,0,0,2,0,0,0,0,0,1,1,0,2,0,0,0,2,1,1,1,2,0,0,2,1,1,2,2,0,1,4
850,0,0,0,0,0,0,0,0,0,0,0,0,0,0,0,0,1,0,1,0,0,0,0,1,2,1,0,0,0,2,2,1,2,0,0,2,1,1,2,2,1,0,2
851,0,0,0,0,0,0,0,2,0,0,0,0,0,0,2,0,0,0,0,0,0,1,0,2,2,1,0,0,1,0,1,1,2,0,0,1,0,1,2,2,0,1,2
852,0,0,0,0,0,0,0,0,0,2,1,0,0,0,0,0,1,1,0,0,0,0,0,2,2,0,0,0,0,0,1,1,2,0,0,1,1,2,2,2,1,0,4
853,0,0,0,0,0,0,0,0,0,0,0,0,0,0,0,0,1,1,0,0,0,1,0,2,2,0,0,0,2,0,1,2,2,0,0,1,0,1,2,2,1,1,4
854,0,0,0,2,0,0,0,0,0,2,1,0,0,0,0,0,2,1,0,0,0,0,0,1,2,0,0,0,1,0,1,2,0,0,0,2,1,1,2,0,1,0,0
855,0,0,2,0,0,0,0,0,0,2,0,0,0,0,0,0,2,2,1,0,0,0,0,1,1,1,0,0,0,0,1,2,2,0,0,0,0,1,1,2,1,0,1
856,0,0,0,0,0,0,0,0,0,0,2,0,0,0,0,0,0,1,0,0,0,2,0,1,2,1,0,0,1,0,2,1,2,0,0,1,0,1,2,2,0,1,3
857,0,0,0,0,0,0,0,0,1,0,0,0,0,0,0,2,2,1,0,0,0,0,1,1,2,0,0,0,0,1,2,1,0,0,0,2,2,2,1,1,0,0,2
858,0,0,0,2,0,0,0,0,0,0,1,0,0,0,0,2,0,1,0,0,0,0,2,0,1,0,0,0,1,1,0,2,2,0,0,2,1,1,1,2,0,0,1
859,0,0,0,0,0,0,0,0,0,1,0,0,0,0,0,2,2,0,0,0,0,0,1,2,0,0,0,1,0,2,1,0,0,0,2,1,2,1,2,0,1,1,3
860,0,0,0,0,0,0,0,1,0,0,0,0,0,0,2,1,0,0,0,0,0,1,2,0,0,0,0,0,1,2,0,2,0,0,2,1,2,2,1,0,1,1,4
861,0,0,0,0,0,0,0,1,0,0,0,0,0,1,2,0,0,0,0,0,1,1,0,0,2,0,0,1,2,0,2,1,0,0,2,2,0,1,2,0,0,1,6
862,0,0,0,0,0,0,0,0,0,0,1,0,0,0,0,2,0,2,0,0,0,0,2,0,1,0,0,0,0,1,1,2,0,0,2,1,2,1,2,0,1,1,2
863,0,0,0,0,0,0,0,0,1,0,0,0,0,0,0,2,0,2,0,0,0,0,1,0,2,0,0,0,0,2,0,1,1,0,2,1,2,0,2,1,1,1,3
864,0,0,0,1,0,0,0,0,0,0,2,0,0,0,0,0,1,1,0,0,0,0,1,2,2,0,0,0,0,2,1,1,0,0,2,0,2,1,2,0,0,1,0
865,0,0,0,0,0,0,0,0,0,1,0,0,0,0,0,0,1,0,0,0,0,0,2,2,0,0,0,0,0,1,2,0,1,0,2,2,2,1,1,2,1,1,1
866,0,0,0,0,0,0,0,0,0,2,0,0,0,0,0,0,1,0,0,0,1,0,0,2,0,0,0,1,0,0,2,0,1,1,2,0,1,2,2,2,1,1,4
867,0,0,0,0,0,0,0,0,0,0,0,0,0,1,0,0,0,0,0,0,1,0,1,0,2,0,0,1,0,2,2,1,1,0,2,0,2,1,2,2,0,1,6
868,0,0,0,1,0,0,0,0,0,0,2,0,0,0,0,0,2,2,0,0,0,0,0,1,1,0,0,0,0,0,2,2,1,0,2,1,0,1,1,2,0,1,1
869,0,0,0,0,0,0,0,0,2,0,0,0,0,0,0,1,0,0,0,0,0,1,1,0,0,0,0,0,1,2,0,1,2,0,2,2,1,2,2,1,0,1,0
870,0,0,0,0,0,0,0,0,1,0,0,0,0,0,0,1,0,0,0,0,0,0,2,0,2,1,0,0,0,1,0,2,2,0,2,1,2,1,1,2,0,1,0
871,0,0,0,2,0,0,0,0,0,0,2,0,0,0,0,0,0,1,0,0,0,0,0,0,1,0,0,0,0,0,0,2,2,1,2,1,2,1,1,2,1,1,4
872,0,0,0,0,0,0,0,0,0,0,0,1,0,0,0,0,0,0,1,0,0,0,0,0,2,2,0,1,1,0,2,1,1,0,2,2,0,1,2,2,0,1,2
873,0,0,0,0,0,0,0,0,0,0,0,2,0,0,0,0,0,1,1,0,0,0,1,0,1,2,0,1,0,2,0,2,1,0,2,0,1,0,2,2,0,1,4
874,0,0,0,0,0,0,0,0,0,0,0,0,0,0,1,0,0,0,0,1,0,2,0,0,0,0,1,1,2,0,2,1,0,1,2,2,0,1,2,0,2,1,5
875,0,0,0,0,0,0,0,0,0,0,0,0,0,0,1,0,2,0,0,0,0,1,0,1,0,0,0,0,1,1,2,0,0,1,2,2,2,1,2,0,2,1,0
876,0,0,0,0,0,0,0,0,0,0,0,0,0,0,0,2,1,0,0,0,0,0,1,2,2,0,0,1,0,2,1,1,0,0,2,0,2,1,1,0,2,1,3
877,0,0,0,0,0,0,0,0,0,0,0,0,0,0,1,0,0,1,0,0,0,2,0,0,2,0,0,1,2,0,1,2,0,0,2,1,0,1,2,1,2,1,2
878,0,0,0,0,0,0,0,0,0,0,2,0,0,0,0,0,0,1,0,0,0,0,0,0,2,0,0,0,0,1,2,2,0,1,2,1,1,1,2,1,2,1,2
879,0,0,0,0,0,0,0,0,0,0,0,0,0,0,0,0,0,0,0,0,0,0,0,1,1,1,0,0,0,1,2,2,1,0,2,2,1,1,2,2,2,1,1
880,0,0,0,0,0,0,0,0,0,2,0,0,0,0,0,0,1,1,0,0,0,0,0,1,2,0,0,0,0,0,2,1,0,1,2,2,0,1,1,2,2,1,5
881,0,0,0,0,0,0,0,0,0,0,0,0,0,0,0,0,0,0,0,0,0,0,1,2,0,0,0,0,2,1,1,0,2,1,2,1,2,2,1,1,2,1,4
882,0,0,0,0,0,0,0,0,0,1,0,0,0,0,0,0,2,0,0,0,0,0,0,2,0,0,1,1,0,0,1,0,2,1,2,1,2,2,0,1,2,1,4
883,0,0,0,0,0,0,0,0,0,0,0,0,0,0,0,1,0,1,0,0,0,0,2,0,2,0,1,1,0,1,0,2,0,2,2,2,1,0,2,0,1,1,0
884,0,0,0,0,0,0,0,0,0,0,0,0,0,0,0,0,0,2,0,1,0,2,0,0,2,0,1,0,1,0,0,1,0,2,2,2,0,1,2,1,1,1,2
885,0,0,0,0,0,0,0,0,0,2,0,0,0,0,0,0,1,0,0,0,0,0,1,1,0,0,0,1,0,2,1,0,0,2,2,0,1,2,2,2,1,1,3
886,0,0,0,0,0,0,0,0,0,0,2,1,0,0,0,0,0,1,1,0,0,0,0,0,2,1,0,0,0,0,0,1,2,2,2,0,1,0,2,2,1,1,4
887,0,0,0,0,0,0,0,0,0,0,0,0,0,0,0,0,0,2,1,0,0,0,0,0,1,2,0,1,0,0,2,2,1,2,2,0,0,1,2,1,1,1,3
888,0,0,0,0,0,0,0,0,0,2,0,0,0,0,0,0,1,0,0,0,0,0,0,2,1,0,0,0,0,0,1,2,1,2,2,1,0,2,1,1,2,1,5
889,0,0,0,0,0,0,0,0,0,0,0,0,0,0,0,0,1,0,0,0,0,0,0,2,1,0,1,0,0,0,1,2,1,2,2,1,0,2,1,2,2,1,4
890,0,0,0,0,0,0,0,0,0,0,1,0,0,0,0,0,0,1,0,0,0,1,0,0,2,0,2,0,2,0,1,2,0,1,2,2,0,1,2,0,1,1,0
891,0,0,0,0,0,0,0,0,0,0,0,0,0,0,0,0,0,0,0,1,0,0,0,1,0,1,2,0,0,1,2,0,2,1,2,2,2,1,0,2,1,1,1
892,0,0,0,0,0,0,0,0,0,0,0,0,0,0,0,0,0,0,0,1,1,0,0,1,0,0,2,1,0,0,2,0,2,1,2,2,0,1,2,2,1,1,3
893,0,0,0,0,0,0,0,0,0,0,0,0,0,0,0,0,2,0,0,0,0,0,0,1,0,0,2,1,0,1,1,1,0,2,2,2,1,2,2,0,1,1,0
894,0,0,0,0,0,0,0,0,0,0,0,0,0,0,0,0,2,0,2,0,0,0,0,1,0,2,2,0,0,0,1,0,1,2,2,1,0,1,1,2,1,1,1
895,0,0,1,0,0,0,0,0,0,2,0,0,0,0,0,0,1,0,0,1,0,0,1,1,0,0,2,0,0,1,2,0,0,2,2,0,2,1,0,0,2,1,4
896,0,0,0,0,0,0,0,0,0,0,0,0,0,0,0,0,0,0,0,1,1,0,0,0,1,0,2,1,1,0,0,2,0,2,2,2,2,1,1,0,2,1,0
897,0,0,0,0,0,0,0,0,1,0,0,0,0,0,0,2,0,0,0,1,0,0,1,0,1,0,2,0,0,1,0,2,0,2,2,0,2,1,1,0,2,1,0
898,0,0,0,0,0,0,0,1,0,0,0,0,1,0,2,0,0,0,0,2,0,2,0,0,0,0,1,0,2,0,0,1,0,1,2,1,1,0,2,0,2,1,2
899,0,0,0,2,0,0,0,0,0,0,1,0,0,0,0,0,0,2,0,0,0,1,0,1,2,0,0,0,2,2,1,1,0,0,0,2,1,2,1,0,0,1,0
900,0,0,0,0,0,0,0,0,0,2,0,0,0,2,0,0,2,0,0,0,1,0,0,1,0,0,0,2,1,0,2,0,0,0,1,1,1,2,1,0,1,2,3
901,0,0,2,0,0,0,0,0,0,1,0,0,2,0,0,0,2,0,0,2,0,0,0,1,0,0,1,0,0,0,1,1,1,2,0,0,0,1,2,1,2,0,3
902,0,0,0,0,0,1,0,0,0,0,0,0,2,0,0,0,0,0,0,1,0,0,0,1,0,0,1,0,0,1,2,2,0,1,2,0,2,1,2,0,2,1,0
903,0,0,0,0,0,1,0,0,0,0,0,0,2,0,0,0,0,1,0,2,0,0,0,1,1,0,2,0,0,0,2,1,0,1,0,0,2,1,2,2,1,0,3
904,0,0,0,2,0,0,0,0,0,0,1,0,0,0,0,0,0,2,0,0,0,1,1,0,2,0,0,0,2,1,0,2,0,0,1,2,2,0,1,1,0,1,5
905,0,0,0,0,0,0,0,0,0,0,0,0,2,0,0,0,0,0,0,2,0,0,0,0,0,0,1,0,0,2,0,1,1,1,2,2,1,1,1,2,2,1,2
906,0,0,0,0,0,0,1,0,0,0,2,0,0,2,0,0,0,1,0,0,1,0,1,0,2,0,0,2,0,2,0,1,0,0,2,1,2,0,1,0,0,1,1
907,0,0,0,0,0,0,0,0,0,0,0,0,0,2,0,0,0,1,0,0,1,0,1,0,2,0,0,2,0,1,0,1,2,0,2,0,2,1,1,2,0,1,1
908,0,0,0,2,0,0,0,0,0,2,1,0,0,0,0,0,1,2,0,0,0,0,0,1,2,0,0,0,1,0,2,2,0,0,0,1,1,2,1,0,1,0,5
909,0,0,0,0,0,1,0,0,0,0,0,0,2,0,0,0,0,0,0,2,0,0,1,2,0,0,2,0,0,1,1,0,0,1,0,0,2,1,2,1,2,1,4
910,0,0,0,0,0,0,0,0,0,0,0,0,0,1,1,0,0,0,0,0,2,2,2,0,2,0,0,1,1,1,0,2,0,0,1,2,2,1,2,0,0,1,3
911,0,0,0,0,0,0,0,0,0,0,0,0,0,1,0,0,2,0,0,0,2,0,0,1,2,0,0,1,0,0,2,2,0,1,1,2,2,1,1,0,2,1,3
912,0,0,0,0,0,0,0,0,1,0,0,0,0,0,0,2,0,0,0,0,0,0,2,1,0,0,2,0,1,1,2,2,0,1,0,1,1,2,2,0,1,2,2
913,0,0,0,0,0,0,0,0,1,0,0,0,0,0,0,1,0,0,0,0,0,0,2,2,2,0,0,0,0,2,1,2,0,1,0,1,2,1,1,2,1,2,1
914,0,0,2,0,0,0,0,0,0,1,0,0,0,0,0,0,2,0,0,0,0,0,0,1,0,0,0,0,0,1,2,2,2,1,0,2,1,1,1,2,1,2,1
915,0,0,2,0,0,0,0,2,0,1,0,0,0,0,1,0,1,0,0,0,0,2,0,2,0,0,0,0,2,0,1,1,0,1,0,2,0,2,1,0,1,2,5
916,0,0,0,0,0,0,0,2,0,2,0,0,0,0,2,0,2,2,0,0,0,2,0,1,1,0,0,0,1,0,2,1,0,1,0,1,0,1,2,0,1,0,0
917,0,0,0,2,0,0,0,0,0,0,2,0,0,0,0,0,1,2,0,0,0,0,0,1,1,2,0,0,0,0,2,1,2,1,0,1,0,2,1,2,1,0,4
918,0,0,0,0,0,0,0,0,0,1,0,0,2,0,0,0,1,1,0,2,0,0,0,2,2,0,2,0,0,0,2,1,0,1,0,0,1,2,1,0,1,2,5
919,0,0,0,2,0,0,0,0,0,0,2,0,0,0,0,0,0,1,0,0,0,0,1,1,1,0,2,0,0,2,1,2,0,1,0,0,1,2,2,0,1,2,2
920,0,0,2,0,0,0,0,0,0,1,0,0,0,0,0,0,2,1,0,0,0,2,0,1,1,0,0,0,2,0,2,2,0,1,0,1,0,1,2,2,1,0,3
921,0,0,0,0,0,0,0,0,0,0,1,0,0,0,1,0,0,1,0,0,0,1,0,1,2,0,0,0,2,0,2,2,0,1,0,2,2,1,2,0,1,2,1
922,0,0,0,0,0,0,0,0,2,0,0,0,0,0,0,2,0,0,0,0,0,0,1,0,2,0,0,0,0,1,1,2,2,1,0,1,1,2,2,1,1,2,3
923,2,0,0,0,0,0,0,1,0,0,2,0,0,0,1,0,0,2,0,0,0,2,0,0,1,0,0,0,1,0,0,2,0,1,0,1,0,2,2,1,1,2,2
924,0,0,1,0,0,0,0,0,0,1,0,2,0,0,0,0,2,0,2,0,0,0,0,1,0,2,2,0,1,0,2,0,1,1,0,2,0,1,0,2,1,0,4
925,0,0,0,0,0,0,0,0,0,0,1,0,0,0,0,0,0,2,2,0,0,0,0,0,1,2,0,0,2,0,0,2,1,1,0,1,2,1,1,2,1,2,2
926,0,0,0,0,0,0,0,0,0,0,0,2,0,0,0,0,1,0,2,0,0,0,0,1,0,1,0,0,0,1,2,0,2,1,0,2,1,1,2,2,1,2,3
927,1,0,0,0,0,0,0,1,0,0,2,0,0,0,2,2,0,2,0,0,0,1,1,0,1,0,0,0,2,1,0,2,0,0,0,1,2,0,1,0,0,2,1
928,0,0,0,0,2,0,0,0,0,0,0,2,0,0,0,1,2,0,1,0,0,0,2,1,0,2,0,0,0,2,1,0,1,1,0,0,2,1,0,2,1,0,5
929,0,0,0,0,0,0,0,0,2,2,0,0,0,0,0,1,2,2,0,0,0,0,2,1,1,0,0,0,1,1,1,2,0,0,0,1,2,2,1,0,0,0,0
930,1,0,0,0,0,0,0,1,0,0,0,0,0,0,1,0,0,2,0,0,0,2,1,0,2,1,0,0,2,1,0,2,2,0,0,1,2,0,1,2,0,0,3
931,0,0,2,0,0,0,0,0,0,1,0,1,0,0,0,0,2,0,2,0,0,0,0,1,0,2,0,0,0,1,2,0,2,1,0,0,2,1,2,1,1,0,0
932,0,0,0,2,0,0,0,0,0,0,2,1,0,0,0,0,0,1,1,0,0,0,0,0,2,2,2,0,0,0,0,2,1,1,0,0,1,1,2,2,1,0,0
933,2,0,0,1,0,0,0,2,0,0,1,0,0,0,1,0,0,2,0,0,0,1,0,1,1,0,0,0,1,0,2,2,0,0,0,2,0,2,1,0,2,0,2
934,0,0,0,0,0,0,2,0,0,0,1,0,0,1,0,1,0,1,0,0,1,0,2,0,2,0,0,2,0,2,0,1,0,0,1,0,2,1,2,0,0,2,4
935,0,0,0,0,0,0,0,0,0,0,0,0,0,1,0,0,0,2,0,0,1,0,0,2,1,0,0,2,0,0,1,1,2,0,1,0,1,2,2,1,2,2,2
936,0,0,0,0,0,0,0,0,0,0,0,0,0,1,0,0,2,0,0,0,1,0,0,1,0,2,0,2,0,0,2,1,1,0,1,2,2,1,1,2,0,2,5
937,0,0,0,0,0,0,0,0,0,0,0,0,0,1,0,0,0,2,0,0,1,0,2,0,1,0,0,2,0,1,2,2,0,2,1,0,1,2,1,0,1,2,5
938,0,0,0,1,0,0,0,0,0,2,2,0,0,0,0,0,1,2,0,0,0,0,0,1,1,1,0,0,0,0,2,1,2,0,0,2,1,1,2,2,0,0,5
939,0,0,0,0,0,0,0,0,1,0,0,0,0,1,0,2,0,0,0,0,1,0,2,0,2,0,0,2,0,1,0,2,0,0,1,0,2,2,1,2,1,1,4
940,0,0,0,0,0,1,0,0,0,0,0,0,2,0,0,0,0,0,0,2,0,0,0,0,2,0,2,0,0,1,2,2,1,1,0,2,1,1,2,1,1,0,3
941,2,0,0,1,0,0,0,2,0,0,1,0,0,0,1,0,0,1,0,0,0,1,0,0,2,0,0,0,2,0,0,1,2,0,0,2,1,0,1,2,2,0,4
942,0,0,0,0,0,0,2,0,0,0,0,0,0,1,0,0,0,0,0,0,1,0,0,1,0,0,2,1,0,0,2,1,0,2,2,0,2,1,2,1,2,1,5
943,0,0,0,0,0,0,0,0,0,0,0,0,0,0,0,1,2,0,0,0,0,0,1,2,1,0,0,0,1,2,2,2,0,0,1,1,2,1,2,0,2,1,2
944,0,0,0,0,0,0,0,0,0,1,0,0,0,0,0,1,2,0,0,0,0,0,2,2,1,0,0,0,0,1,1,2,0,0,1,2,2,1,2,0,2,1,0
945,0,0,0,2,0,0,0,0,0,0,2,0,0,0,0,0,0,2,0,0,0,1,0,2,1,0,0,2,1,0,1,2,0,0,1,2,0,1,1,0,2,1,0
946,0,0,0,0,0,0,0,0,0,0,0,0,0,0,0,0,0,2,0,0,0,2,0,0,1,0,2,0,2,0,1,1,0,2,1,1,2,1,1,2,2,1,5
947,0,0,0,0,0,0,0,0,0,0,2,0,0,0,2,0,0,1,0,0,0,1,0,0,2,0,0,0,1,0,2,2,0,2,1,1,1,2,1,0,2,1,2
948,0,0,0,2,0,0,0,2,0,0,1,0,0,0,2,0,0,2,0,0,0,1,2,0,2,0,0,0,2,1,0,1,0,0,1,1,1,0,2,0,0,1,0
949,0,0,0,2,0,0,0,0,0,0,1,0,0,0,2,0,0,2,0,0,0,1,0,0,1,0,0,2,1,0,0,2,0,0,1,1,2,2,1,0,2,1,6
950,0,0,0,0,0,0,0,0,0,0,2,0,0,0,0,0,1,2,0,0,0,0,0,1,1,0,0,2,2,0,2,2,2,0,1,1,0,1,2,1,0,1,6
951,0,0,0,2,0,0,0,0,0,0,2,0,0,0,0,1,0,2,0,0,0,0,2,0,1,0,0,2,0,2,0,1,0,0,1,2,1,1,2,1,0,1,4
952,0,0,0,2,0,0,0,0,0,0,1,0,0,0,1,0,0,2,0,0,0,1,0,0,2,0,0,0,2,1,0,2,0,0,1,2,2,0,1,1,2,1,4
953,0,0,0,0,0,0,0,0,0,0,1,0,0,0,0,0,0,1,0,0,0,2,0,0,2,2,0,2,1,0,0,1,2,0,1,2,1,0,2,1,2,1,1
954,0,0,0,0,0,0,0,0,0,0,0,0,0,0,0,0,0,0,0,0,2,2,0,1,0,0,0,2,2,0,1,1,1,2,1,1,0,2,2,1,2,1,1
955,0,0,0,0,0,0,0,0,0,0,2,0,0,0,0,0,0,1,2,0,0,0,0,0,2,2,0,0,0,1,0,2,1,0,1,1,2,2,1,1,2,1,2
956,0,0,2,0,0,0,0,0,0,2,0,0,0,0,0,0,1,0,0,0,0,0,0,2,0,1,0,2,1,0,1,1,2,0,1,2,0,1,2,2,0,1,4
957,0,0,0,0,0,0,0,0,0,0,0,0,0,0,1,0,0,0,2,0,0,2,0,0,0,1,0,2,2,0,2,1,2,0,1,1,1,2,2,1,0,1,2
958,0,0,0,0,0,0,0,0,0,0,0,0,0,0,2,0,0,0,0,0,2,1,0,0,2,1,0,2,2,0,2,1,1,0,1,2,0,1,1,2,0,1,4
959,0,0,0,0,1,0,0,0,0,0,0,2,0,0,0,0,0,0,2,0,0,0,1,0,0,2,0,0,2,2,0,1,1,0,1,1,1,2,2,2,0,1,5
960,0,0,0,0,0,0,0,0,1,0,0,0,0,0,0,1,0,0,0,0,0,0,2,2,2,0,0,0,0,2,2,1,0,0,1,1,2,1,2,2,1,1,6
961,0,0,0,0,0,0,0,0,0,0,2,0,0,0,0,1,1,2,0,0,0,0,2,2,2,0,0,0,0,1,2,1,0,0,1,0,2,1,2,0,1,1,3
962,0,0,0,0,0,0,0,0,0,2,0,0,0,0,0,0,2,0,0,0,0,0,2,1,1,0,0,0,0,1,2,2,0,2,1,0,1,1,2,2,1,1,4
963,0,0,0,0,0,0,0,0,0,0,0,0,0,0,0,2,0,2,2,0,0,0,1,0,1,2,0,0,0,1,0,2,1,0,1,0,1,2,2,2,1,1,6
964,0,0,0,0,0,0,0,0,2,0,0,0,0,0,0,1,0,0,0,0,0,0,1,0,1,0,0,2,0,2,0,2,1,2,1,0,1,2,2,2,1,1,2
965,0,0,0,0,0,0,0,2,0,0,0,0,0,0,2,0,0,1,0,0,0,2,0,0,2,0,0,2,1,2,0,1,0,1,1,1,2,0,1,0,2,1,0
966,0,0,0,0,0,0,0,0,0,0,1,0,0,0,0,0,0,2,0,0,0,2,0,0,1,0,2,0,1,0,2,2,0,1,1,2,2,1,1,0,2,1,1
967,0,0,0,1,0,0,0,0,0,0,1,0,2,0,0,0,0,1,0,2,0,0,0,0,2,0,2,2,0,2,0,1,0,1,1,0,1,0,2,0,2,1,5
968,0,0,0,0,0,0,0,0,0,0,2,0,0,0,0,0,0,1,0,0,0,0,0,0,2,2,2,0,1,0,0,1,2,1,1,2,0,2,1,1,2,1,6
969,0,0,0,0,0,0,0,0,0,0,0,0,0,0,1,0,0,0,0,0,0,2,0,0,2,0,0,0,2,0,2,1,2,1,1,1,2,2,1,2,1,1,5
970,0,1,0,0,0,0,0,0,2,0,0,0,0,0,0,2,0,0,0,0,0,0,1,0,1,2,0,0,0,2,0,2,2,1,1,0,1,0,2,2,1,1,4
971,0,0,0,0,1,0,0,0,0,0,0,2,0,0,0,0,0,0,2,0,0,0,0,0,0,1,2,0,0,2,2,0,1,1,1,2,2,1,0,2,1,1,0
972,0,0,0,0,0,0,0,0,0,1,0,0,0,0,0,0,1,0,0,0,0,0,0,2,0,0,1,2,2,2,1,0,0,2,1,1,2,1,2,0,2,1,5
973,0,0,0,0,0,0,0,0,0,0,2,0,0,0,0,0,0,1,0,0,0,0,0,1,1,0,1,2,0,0,2,1,0,2,1,0,2,1,2,2,2,1,4
974,0,0,0,1,0,0,0,0,0,0,2,0,0,0,0,0,0,2,0,0,0,0,0,0,2,0,1,0,0,1,2,1,0,2,1,2,1,1,2,0,2,1,1
975,0,0,0,0,0,0,0,0,0,2,0,0,2,0,0,0,1,0,0,2,0,0,0,2,0,0,1,0,0,2,1,0,0,2,1,0,2,1,1,1,2,1,0
976,0,0,0,0,0,0,0,0,0,0,0,0,0,0,0,0,1,0,0,2,0,0,0,2,2,0,1,0,1,0,2,1,0,2,1,2,0,2,1,1,2,1,3
977,0,0,0,0,0,0,0,0,0,0,0,0,0,0,0,0,2,2,0,0,0,0,0,1,1,0,1,0,0,2,2,1,0,2,1,0,2,2,1,1,2,1,0
978,0,0,0,0,0,0,0,0,0,0,2,0,0,0,0,0,0,2,0,0,0,0,0,0,2,0,1,0,0,2,0,1,1,2,1,2,1,2,1,2,1,1,3
979,0,0,0,0,0,0,0,0,0,2,0,0,0,0,0,2,2,0,0,0,0,0,2,1,0,0,1,2,0,1,2,0,0,1,1,1,2,1,0,0,2,1,3
980,0,0,0,0,0,0,0,0,0,0,0,0,2,0,0,0,0,2,0,2,0,0,0,2,1,0,1,0,0,0,1,2,0,1,1,1,0,1,2,2,2,1,6
981,0,0,0,0,0,0,0,0,0,1,0,0,0,0,2,0,1,0,2,0,0,1,0,2,0,1,2,0,1,0,1,0,2,2,0,1,0,2,0,1,2,0,5
982,0,0,0,0,0,0,0,0,0,0,1,0,0,0,0,0,0,1,0,1,0,0,0,2,2,0,2,0,0,0,2,2,0,2,1,2,1,1,2,0,1,1,6
983,0,0,2,0,0,0,0,0,0,1,0,0,0,0,0,0,2,0,0,1,0,0,0,2,0,1,2,0,0,0,1,0,2,2,1,2,0,1,0,2,1,1,4
984,0,0,0,0,0,0,0,0,0,2,0,0,0,0,0,0,1,2,0,0,0,1,0,2,1,1,0,0,2,0,1,2,2,0,0,1,2,2,1,1,0,0,0
985,0,0,0,0,0,0,0,0,0,0,0,0,0,0,0,0,0,1,0,1,0,0,0,0,2,0,2,2,2,1,0,2,0,1,1,2,1,0,1,2,2,1,0
986,0,0,0,0,0,0,0,0,0,0,0,0,0,0,2,0,0,0,0,0,0,1,1,2,0,0,1,0,1,2,1,1,0,2,0,2,1,1,2,2,2,0,6
987,0,0,0,0,0,0,0,0,0,0,0,0,1,2,0,0,0,0,0,2,2,0,0,1,0,0,2,2,0,0,2,0,1,2,1,0,0,1,1,2,1,1,6
988,0,0,0,0,0,0,0,0,0,0,0,0,1,0,0,0,0,0,0,2,2,0,0,0,0,1,2,2,0,0,2,0,1,2,1,2,0,1,1,2,1,1,4
989,0,0,0,0,0,0,0,0,1,0,0,0,0,0,0,2,0,2,0,0,0,0,1,0,2,0,1,0,0,1,0,1,1,2,0,2,1,0,1,2,2,2,4
990,0,0,0,0,0,0,0,2,0,0,0,0,0,0,1,0,0,0,0,0,0,1,0,0,1,2,1,0,1,2,0,2,1,2,0,2,1,0,1,2,2,0,1
991,0,0,0,0,0,0,0,0,2,0,1,0,0,0,0,1,0,2,0,0,0,0,1,0,2,1,0,0,0,2,0,1,2,0,0,0,1,1,2,1,2,2,0
992,0,0,0,2,0,0,0,0,0,0,1,0,0,0,0,0,0,2,0,0,0,0,0,2,2,1,0,0,0,0,1,1,2,2,0,1,2,1,1,1,2,0,2
993,0,0,2,0,0,0,0,0,0,2,0,0,0,0,0,0,2,0,2,0,0,0,0,1,2,1,1,0,0,0,1,1,1,2,0,0,0,2,1,1,2,0,1
994,0,0,1,0,0,0,0,0,0,2,0,0,1,0,0,0,2,0,0,1,0,0,0,1,2,0,2,0,0,0,2,2,0,1,1,0,0,2,1,0,2,1,6
995,0,0,0,0,0,0,0,0,0,0,0,0,0,0,0,1,2,2,0,0,0,0,2,1,1,0,0,0,1,2,2,1,2,0,0,1,1,2,1,2,0,0,0
996,0,0,0,0,0,0,0,0,2,0,0,0,0,0,0,2,2,2,0,0,0,0,1,1,1,0,0,0,0,1,2,1,0,2,0,1,2,1,1,0,2,0,0
997,0,0,0,0,0,1,0,0,0,0,0,0,2,0,0,0,1,0,0,1,0,0,2,1,2,0,1,0,0,2,2,2,0,1,0,0,1,2,1,0,2,0,1
998,0,1,2,0,0,0,0,0,2,1,0,0,0,0,0,1,2,0,0,0,0,0,2,2,0,1,0,0,0,1,2,0,1,0,0,2,1,1,0,2,0,0,3
999,0,0,0,0,0,0,0,0,0,0,0,2,0,0,2,0,0,0,2,0,0,1,0,1,0,1,0,0,2,1,2,0,1,0,0,1,2,1,1,2,2,0,1
